common_name,scientific_name,category
Aaron'S Skipper,Poanes aaroni,Butterflies and Skippers
Aba'S Long-Horned Caddisfly,Triaenodes aba,Caddisflies
Abbott'S Sphinx Moth,Sphecodina abbottii,Sphinx Moths
Abbreviated Button Slug Moth,Tortricidia flexuosa,Other Moths
Abrupt Digger Bee,Anthophora abrupta,Digger Bees
Acadian Flycatcher,Empidonax virescens,Birds
Acadimicrocaddisfly,Hydroptila acadia,Caddisflies
Achemon Sphinx,Eumorpha achemon,Sphinx Moths
Acid Giant Caddisfly,Oligostomis ocelligera,Caddisflies
Acornshell,Epioblasma haysiana,Freshwater Mussels
Acute Bladder Snail,Physella acuta,Freshwater Snails
Adam Peaclam,Pisidium adamsi,Other Molluscs
Aerial Brown Moth,Ozarba aeria,Other Moths
Ajax Microcaddisfly,Hydroptila ajax,Caddisflies
Alabamstripetail,Isoperla davisi,Stoneflies
Alabamthreetooth,Triodopsis alabamensis,Terrestrial Snails
Alder Flycatcher,Empidonax alnorum,Birds
Alewife,Alosa pseudoharengus,"Fishes - Freshwater and Anadromous Bony, Cartilaginous; Lampreys"
Alewife Floater,Utterbackiana implicata,Freshwater Mussels
Alfalfleafcutter Bee,Megachile rotundata,Leafcutter Bees
Algonquin Park Microcaddisfly,Hydroptila quinola,Caddisflies
Alleghanian Spotted Skunk,Spilogale putorius,Mammals
Alleghany County Cave Amphipod,Stygobromus hoffmani,Amphipods
Allegheny Crayfish,Faxonius obscurus,Crayfishes
Allegheny Mountain Dusky Salamander,Desmognathus ochrophaeus,Amphibians
Allegheny Mountain Mudbug,Cambarus fetzneri,Crayfishes
Allegheny Pearl Dace,Margariscus margarita,"Fishes - Freshwater and Anadromous Bony, Cartilaginous; Lampreys"
Allegheny Woodrat,Neotoma magister,Mammals
Aluring Schinimoth,Schinia siren,Other Moths
Amber Glass Snail,Nesovitrea electrina,Terrestrial Snails
American Avocet,Recurvirostra americana,Birds
American Barn Owl,Tyto furcata,Birds
American Beaver,Castor canadensis,Mammals
American Bison,Bos bison,Mammals
American Bittern,Botaurus lentiginosus,Birds
American Bizarre Caddisfly,Lepidostoma americanum,Caddisflies
American Black Bear,Ursus americanus,Mammals
American Black Duck,Anas rubripes,Birds
American Box Turtle,Terrapene carolina,Turtles
American Brindle Moth,Lithomoia germana,Other Moths
American Brook Lamprey,Lethenteron appendix,"Fishes - Freshwater and Anadromous Bony, Cartilaginous; Lampreys"
American Bullfrog,Lithobates catesbeianus,Amphibians
American Bumble Bee,Bombus pensylvanicus,Bumble Bees
American Burying Beetle,Nicrophorus americanus,Other Beetles
American Comb-Lipped Caddisfly,Heteroplectron americanum,Caddisflies
American Coot,Fulica americana,Birds
American Crow,Corvus brachyrhynchos,Birds
American Cuckoo Nomad Bee,Epeolus americanus,Other Bees
American Eel,Anguilla rostrata,"Fishes - Freshwater and Anadromous Bony, Cartilaginous; Lampreys"
American Emerald,Cordulia shurtleffii,Dragonflies and Damselflies
American Golden-Plover,Pluvialis dominica,Birds
American Goldfinch,Spinus tristis,Birds
American Holly Azure,Celastrina idella,Butterflies and Skippers
American Kestrel,Falco sparverius,Birds
American Lady,Vanessa virginiensis,Butterflies and Skippers
American Lappet Moth,Phyllodesma americana,Other Moths
American Long-Horned Caddisfly,Leptocerus americanus,Caddisflies
American Mink,Neogale vison,Mammals
American Oystercatcher,Haematopus palliatus,Birds
American Pipit,Anthus rubescens,Birds
American Prong-Gilled Mayfly,Habrophlebiodes americana,Mayflies
American Redstart,Setophaga ruticilla,Birds
American Robin,Turdus migratorius,Birds
American Salmonfly,Pteronarcys dorsata,Stoneflies
American Shad,Alosa sapidissima,"Fishes - Freshwater and Anadromous Bony, Cartilaginous; Lampreys"
American Snout,Libytheana carinenta,Butterflies and Skippers
American Spring-Loving Caddisfly,Beraea fontana,Caddisflies
American Toad,Anaxyrus americanus,Amphibians
American Tree Sparrow,Spizelloides arborea,Birds
American Wigeon,Mareca americana,Birds
American Woodcock,Scolopax minor,Birds
An Andrenid Bee,Andrena fulvipennis,Other Bees
An Isopod,Caecidotea ornatus,Isopods
An Odontocerid Caddisfly,Psilotreta rossi,Caddisflies
An Oil-Collecting Bee,Macropis steironematis,Oil-collecting Bees
An Owlet Moth,Meropleon cosmion,Other Moths
An Oxyethiran Microcaddisfly,Oxyethira abacatia,Caddisflies
Anagramed Microcaddisfly,Mayatrichia ayama,Caddisflies
Anakeestneedlefly,Leuctra alexanderi,Stoneflies
Andromedunderwing,Catocala andromedae,Underwing Moths
Angelic Sweat Bee,Agapostemon angelicus,Striped Sweat Bees
Angle-Lined Prominent Moth,Clostera inclusa,Notodontid Moths
Angled Crayfish,Cambarus angularis,Crayfishes
Angler'S Prong-Gilled Mayfly,Neoleptophlebia adoptiva,Mayflies
Angular Disc Snail,Discus catskillensis,Terrestrial Snails
Angulate Snowfly,Paracapnia angulata,Stoneflies
Angulated Microcaddisfly,Dibusa angata,Caddisflies
Angulose Prominent,Peridea angulosa,Notodontid Moths
Angus' Underwing,Catocala angusi,Underwing Moths
Angus'S Datana,Datana angusii,Notodontid Moths
Anhinga,Anhinga anhinga,Birds
Annexed Minute Rove Beetle,Atheta annexa,Other Beetles
Annstone,Perlesta puttmanni,Stoneflies
Anntiger Moth,Apantesis anna,Tiger Moths
Anoksmall Minnow Mayfly,Iswaeon anoka,Mayflies
Anomalous Flat-Headed Mayfly,Rhithrogena anomala,Mayflies
Aphrodite Fritillary,Argynnis aphrodite,Butterflies and Skippers
Aphrodite'S Flat-Headed Mayfly,Leucrocuta aphrodite,Mayflies
Apical Leafcutter Bee,Megachile apicalis,Leafcutter Bees
Appalachian Azure,Celastrina neglectamajor,Butterflies and Skippers
Appalachian Bomolocha,Hypena appalachiensis,Other Moths
Appalachian Brook Crayfish,Cambarus bartonii,Crayfishes
Appalachian Cottontail,Sylvilagus obscurus,Mammals
Appalachian Eyed Brown,Lethe appalachia,Butterflies and Skippers
Appalachian Forestfly,Amphinemura appalachia,Stoneflies
Appalachian Humpless Caddisfly,Brachycentrus appalachia,Caddisflies
Appalachian Jewelwing,Calopteryx angustipennis,Dragonflies and Damselflies
Appalachian Monkeyface,Theliderma sparsa,Freshwater Mussels
Appalachian Needlefly,Paraleuctra sara,Stoneflies
Appalachian Pillar Snail,Cochlicopa morseana,Terrestrial Snails
Appalachian Rhyacophilid Caddisfly,Rhyacophila appalachia,Caddisflies
Appalachian Roachfly,Peltoperla arcuata,Stoneflies
Appalachian Sallfly,Alloperla usa,Stoneflies
Appalachian Salmonfly,Pteronarcys proteus,Stoneflies
Appalachian Springfly,Isogenoides hansoni,Stoneflies
Appalachian Springsnail,Fontigens bottimeri,Freshwater Snails
Appalachian Stone,Hansonoperla appalachia,Stoneflies
Appalachian Thorn,Carychium clappi,Terrestrial Snails
Appalachian Tiger Beetle,Cicindela ancocisconensis,Tiger Beetles
Appalachian Tiger Swallowtail,Pterourus appalachiensis,Butterflies and Skippers
Appalachian Tigersnail,Anguispira mordax,Terrestrial Snails
Appalachian Valley Crangonyctid,Crangonyx antennatus,Amphipods
Appalachian Willowfly,Strophopteryx appalachia,Stoneflies
Appalachibellytooth,Gastrodonta fonticula,Terrestrial Snails
Appalachicolminute Moss Beetle,Hydraena appalachicola,Other Beetles
Appalachidarter,Percina gymnocephala,"Fishes - Freshwater and Anadromous Bony, Cartilaginous; Lampreys"
Apple Sphinx Moth,Sphinx gordius,Sphinx Moths
Appointed Saddle-Case Caddisfly,Protoptila lega,Caddisflies
Aralishoot Borer Moth,Papaipema araliae,Papaipema Moths
Arched Hooktip Moth,Drepana arcuata,Other Moths
Arctic Tern,Sterna paradisaea,Birds
Arge Moth,Apantesis arge,Tiger Moths
Argus Northern Caddisfly,Hydatophylax argus,Caddisflies
Armed Microcaddisfly,Hydroptila armata,Caddisflies
Armed Snaggletooth Snail,Gastrocopta armifera,Terrestrial Snails
Armyworm Moth,Mythimna unipuncta,Other Moths
Arogos Skipper,Atrytone arogos,Butterflies and Skippers
Ash Borer Moth,Papaipema furcata,Papaipema Moths
Ash Gyro,Gyraulus parvus,Freshwater Snails
Ash Snowfly,Allocapnia zola,Stoneflies
Ash Sphinx,Manduca jasminearum,Sphinx Moths
Ashton Cuckoo Bumble Bee,Bombus bohemicus,Bumble Bees
Ashy Darter,Allohistium cinereum,"Fishes - Freshwater and Anadromous Bony, Cartilaginous; Lampreys"
Ashy Long-Horned Caddisfly,Oecetis cinerascens,Caddisflies
Asian Shaggy Digger,Anthophora villosula,Digger Bees
Asiatic Clam,Corbicula fluminea,Other Molluscs
Aster Borer Moth,Papaipema impecuniosa,Papaipema Moths
Asteroid Moth,Cucullia asteroides,Other Moths
Atlantic Coast Slimy Salamander,Plethodon chlorobryonis,Amphibians
Atlantic Flat-Headed Mayfly,Cinygmula subaequalis,Mayflies
Atlantic Needlefish,Strongylura marina,"Fishes - Freshwater and Anadromous Bony, Cartilaginous; Lampreys"
Atlantic Needlefly,Leuctra duplicata,Stoneflies
Atlantic Pigtoe,Fusconaia masoni,Freshwater Mussels
Atlantic Sallfly,Alloperla atlantica,Stoneflies
Atlantic Slope Crayfish,Cambarus longulus,Crayfishes
Atlantic Stone,Neoperla occipitalis,Stoneflies
Atlantic Sturgeon,Acipenser oxyrinchus,"Fishes - Freshwater and Anadromous Bony, Cartilaginous; Lampreys"
Atlantic Threetooth,Triodopsis juxtidens,Terrestrial Snails
Atlantic Willowfly,Taenionema atlanticum,Stoneflies
Atlantis Fritillary,Argynnis atlantis,Butterflies and Skippers
Attentive Dart,Eueretagrotis attentus,Other Moths
Aureolariseed Borer,Pyrrhia aurantiago,Other Moths
Aurordamsel,Chromagrion conditum,Dragonflies and Damselflies
Aurorsnowfly,Allocapnia aurora,Stoneflies
Avernus Cave Beetle,Pseudanophthalmus avernus,Ground Beetles
Azalesphinx Moth,Darapsa choerilus,Sphinx Moths
Bachman'S Sparrow,Peucaea aestivalis,Birds
Bachman'S Warbler,Vermivora bachmanii,Birds
Backdoor Giant Caddisfly,Ptilostomis postica,Caddisflies
Bacon Cave Spring Isopod,Lirceus stygophilus,Isopods
Baffled Threetooth,Triodopsis fraudulenta,Terrestrial Snails
Baird'S Sandpiper,Calidris bairdii,Birds
Bald Eagle,Haliaeetus leucocephalus,Birds
Bald Free-Living Caddisfly,Rhyacophila glaberrima,Caddisflies
Balsam Globe,Mesodon andrewsae,Terrestrial Snails
Balsam Metarranthis Moth,Metarranthis amyrisaria,Other Moths
Baltimore Bomolochmoth,Hypena baltimoralis,Other Moths
Baltimore Checkerspot,Euphydryas phaeton,Butterflies and Skippers
Baltimore Oriole,Icterus galbula,Birds
Banded Darter,Etheostoma zonale,"Fishes - Freshwater and Anadromous Bony, Cartilaginous; Lampreys"
Banded Hairstreak,Satyrium calanus,Butterflies and Skippers
Banded Killifish,Fundulus diaphanus,"Fishes - Freshwater and Anadromous Bony, Cartilaginous; Lampreys"
Banded Microcaddisfly,Hydroptila gunda,Caddisflies
Banded Mysterysnail,Callinina georgiana,Freshwater Snails
Banded Pennant,Celithemis fasciata,Dragonflies and Damselflies
Banded Sculpin,Cottus carolinae,"Fishes - Freshwater and Anadromous Bony, Cartilaginous; Lampreys"
Banded Sunfish,Enneacanthus obesus,"Fishes - Freshwater and Anadromous Bony, Cartilaginous; Lampreys"
Banded Tussock Moth,Halysidota tessellaris,Tiger Moths
Bank Swallow,Riparia riparia,Birds
Banks' Epeolus,Epeolus banksi,Other Bees
Banks'S Free-Living Caddisfly,Rhyacophila banksi,Caddisflies
Banks'S Prong-Gilled Mayfly,Choroterpes basalis,Mayflies
Banks'S Trumpet-Net Caddisfly,Nyctiophylax banksi,Caddisflies
Bark Beetle,Sosylus costatus,Other Beetles
Bark Snaggletooth Snail,Gastrocopta corticaria,Terrestrial Snails
Barking Treefrog,Dryophytes gratiosus,Amphibians
Barn Swallow,Hirundo rustica,Birds
Barred Itame,Macaria subcessaria,Other Moths
Barred Owl,Strix varia,Birds
Barred Supercoil,Paravitrea seradens,Terrestrial Snails
Barrens Chaetaglaea,Chaetaglaea rhonda,Other Moths
Barrens Dagger Moth,Acronicta albarufa,Other Moths
Barrens Itame,Macaria exonerata,Other Moths
Barrens Moth,Properigea costa,Other Moths
Bath County Cave Amphipod,Stygobromus mundus,Amphipods
Bay Anchovy,Anchoa mitchilli,"Fishes - Freshwater and Anadromous Bony, Cartilaginous; Lampreys"
Bay-Breasted Warbler,Setophaga castanea,Birds
Bayou Physa,Physella hendersoni,Freshwater Snails
Bear-Like Digger Bee,Anthophora ursina,Digger Bees
Beautiful Eutelia,Marathyssa pulcherrimus,Other Moths
Beautiful Free-Living Caddisfly,Rhyacophila formosa,Caddisflies
Beautiful Little Caddisfly,Neophylax concinnus,Caddisflies
Beautiful Microcaddisfly,Hydroptila callia,Caddisflies
Beautiful Net-Spinning Caddisfly,Cheumatopsyche speciosa,Caddisflies
Beautiful Stone,Paragnetina immarginata,Stoneflies
Bee,Anthophorula micheneri,Other Bees
Beetle,Paralichas trivittis,Other Beetles
Beggar Leafcutter Bee,Megachile mendica,Leafcutter Bees
Beggar Moth,Eubaphe mendica,Other Moths
Bellflower Leafcutter Bee,Megachile campanulae,Leafcutter Bees
Beloved Emarginemoth,Emarginea percara,Other Moths
Belted Kingfisher,Megaceryle alcyon,Birds
Benfield'S Bearded Small Minnow Mayfly,Barbaetis benfieldi,Mayflies
Bent Forestfly,Ostrocerca prolongata,Stoneflies
Bent Net-Spinning Caddisfly,Cheumatopsyche campyla,Caddisflies
Bent-Line Carpet Moth,Costaconvexa centrostrigaria,Other Moths
Bent-Line Gray Moth,Iridopsis larvaria,Other Moths
Berner'S Ephemerellmayfly,Tsalia berneri,Mayflies
Bethany Beach Firefly,Photuris bethaniensis,Fireflies and Glow-worms
Betten'S Net-Spinning Caddisfly,Hydropsyche betteni,Caddisflies
Bewick'S Wren,Thryomanes bewickii,Birds
Bicknell'S Thrush,Catharus bicknelli,Birds
Bicolor Spiny Crawler Mayfly,Eurylophella bicolor,Mayflies
Bicolored Moth,Manulea bicolor,Tiger Moths
Bicolored Sallow Moth,Sunira bicolorago,Other Moths
Bicoloured Sweat Bee,Agapostemon virescens,Striped Sweat Bees
Bidentate Dome,Ventridens coelaxis,Terrestrial Snails
Bifid-Horned Firefly,Pollaclasis bifaria,Fireflies and Glow-worms
Big Brown Bat,Eptesicus fuscus,Mammals
Big Dipper Firefly,Photinus pyralis,Fireflies and Glow-worms
Big Levels Salamander,Plethodon sherando,Amphibians
Big Poplar Sphinx Moth,Pachysphinx modesta,Sphinx Moths
Big Sand Tiger Beetle,Cicindela formosa,Tiger Beetles
Big Sandy Crayfish,Cambarus callainus,Crayfishes
Big Stripetail,Isoperla major,Stoneflies
Big Water Crayfish,Cambarus robustus,Crayfishes
Big-Eared Radix,Radix auricularia,Freshwater Snails
Big-Horned Spiny Crawler Mayfly,Drunella cornuta,Mayflies
Big-Tooth Whitelip,Neohelix dentifera,Terrestrial Snails
Bigeye Chub,Hybopsis amblops,"Fishes - Freshwater and Anadromous Bony, Cartilaginous; Lampreys"
Bigeye Jumprock,Moxostoma ariommum,"Fishes - Freshwater and Anadromous Bony, Cartilaginous; Lampreys"
Biggers' Cave Amphipod,Stygobromus biggersi,Amphipods
Bigmouth Chub,Nocomis platyrhynchus,"Fishes - Freshwater and Anadromous Bony, Cartilaginous; Lampreys"
Binflower Moth,Schinia bina,Other Moths
Bird Dropping Moth,Cerma cora,Other Moths
Birdwing Pearlymussel,Lemiox rimosus,Freshwater Mussels
Black Arches Moth,Melanchra assimilis,Other Moths
Black Bullhead,Ameiurus melas,"Fishes - Freshwater and Anadromous Bony, Cartilaginous; Lampreys"
Black Crappie,Pomoxis nigromaculatus,"Fishes - Freshwater and Anadromous Bony, Cartilaginous; Lampreys"
Black Dancer,Mystacides sepulchralis,Caddisflies
Black Dash,Euphyes conspicua,Butterflies and Skippers
Black Finger-Net Caddisfly,Chimarra aterrima,Caddisflies
Black Firefly,Lucidota atra,Fireflies and Glow-worms
Black Free-Living Caddisfly,Rhyacophila nigrita,Caddisflies
Black Lordithon Rove Beetle,Lordithon niger,Other Beetles
Black Mantleslug,Pallifera hemphilli,Terrestrial Snails
Black Mountain Disc,Discus nigrimontanus,Terrestrial Snails
Black Mountain Saddle-Case Caddisfly,Glossosoma nigrior,Caddisflies
Black Mountain Salamander,Desmognathus welteri,Amphibians
Black Rail,Laterallus jamaicensis,Birds
Black Redhorse,Moxostoma duquesnei,"Fishes - Freshwater and Anadromous Bony, Cartilaginous; Lampreys"
Black Sandshell,Ligumia recta,Freshwater Mussels
Black Scoter,Melanitta americana,Birds
Black Sculpin,Cottus baileyi,"Fishes - Freshwater and Anadromous Bony, Cartilaginous; Lampreys"
Black Skimmer,Rynchops niger,Birds
Black Striate Snail,Striatura ferrea,Terrestrial Snails
Black Stripetail,Isoperla similis,Stoneflies
Black Swallowtail,Papilio polyxenes,Butterflies and Skippers
Black Tern,Chlidonias niger,Birds
Black Vulture,Coragyps atratus,Birds
Black Zigzag Moth,Panthea acronyctoides,Other Moths
Black-And-Gold Bumble Bee,Bombus auricomus,Bumble Bees
Black-And-White Leaf Beetle,Calligrapha pnirsa,Other Beetles
Black-And-White Warbler,Mniotilta varia,Birds
Black-And-Yellow Lichen Moth,Lycomorpha pholus,Tiger Moths
Black-Barred Brown,Plagiomimicus pityochromus,Other Moths
Black-Bellied Plover,Pluvialis squatarola,Birds
Black-Billed Cuckoo,Coccyzus erythropthalmus,Birds
Black-Blotched Schizurmoth,Oedemasia leptinoides,Notodontid Moths
Black-Capped Chickadee,Poecile atricapillus,Birds
Black-Crowned Night Heron,Nycticorax nycticorax,Birds
Black-Dashed Hydriomenmoth,Hydriomena divisaria,Other Moths
Black-Dotted Ruddy Moth,Ilexia intractata,Other Moths
Black-Etched Prominent Moth,Americerura scitiscripta,Notodontid Moths
Black-Eyed Zale Moth,Zale curema,Other Moths
Black-Headed Gull,Chroicocephalus ridibundus,Birds
Black-Legged Kittiwake,Rissa tridactyla,Birds
Black-Lined Carpenterworm Moth,Inguromorpha basalis,Other Moths
Black-Necked Stilt,Himantopus mexicanus,Birds
Black-Spotted Prominent Moth,Dasylophia anguina,Notodontid Moths
Black-Tailed Diver,Bellura vulnifica,Other Moths
Black-Tailed Jackrabbit,Lepus californicus,Mammals
Black-Throated Blue Warbler,Setophaga caerulescens,Birds
Black-Throated Green Warbler,Setophaga virens,Birds
Black-Tipped Darner,Aeshna tuberculifera,Dragonflies and Damselflies
Black-Waved Flannel Moth,Megalopyge crispata,Other Moths
Blackbanded Sunfish,Enneacanthus chaetodon,"Fishes - Freshwater and Anadromous Bony, Cartilaginous; Lampreys"
Blackburnian Warbler,Setophaga fusca,Birds
Blackpoll Warbler,Setophaga striata,Birds
Blacksburg Salamander,Plethodon jacksoni,Amphibians
Blackside Dace,Chrosomus cumberlandensis,"Fishes - Freshwater and Anadromous Bony, Cartilaginous; Lampreys"
Blackside Darter,Percina maculata,"Fishes - Freshwater and Anadromous Bony, Cartilaginous; Lampreys"
Blackstripe Pirate Perch,Aphredoderus ornatus,"Fishes - Freshwater and Anadromous Bony, Cartilaginous; Lampreys"
Blacktail Stripetail,Isoperla pseudolata,Stoneflies
Blacktip Jumprock,Moxostoma cervinum,"Fishes - Freshwater and Anadromous Bony, Cartilaginous; Lampreys"
Blade Vertigo Snail,Vertigo milium,Terrestrial Snails
Blazing Star Stem Borer,Papaipema beeriana,Papaipema Moths
Blended Hood Caddisfly,Molanna blenda,Caddisflies
Blickle'S Trumpet-Net Caddisfly,Polycentropus blicklei,Caddisflies
Blind Awlsnail,Cecilioides acicula,Terrestrial Snails
Blinded Sphinx Moth,Paonias excaecata,Sphinx Moths
Blotched Chub,Erimystax insignis,"Fishes - Freshwater and Anadromous Bony, Cartilaginous; Lampreys"
Blotchside Logperch,Percina burtoni,"Fishes - Freshwater and Anadromous Bony, Cartilaginous; Lampreys"
Blotchy Mantleslug,Megapallifera wetherbyi,Terrestrial Snails
Blue Catfish,Ictalurus furcatus,"Fishes - Freshwater and Anadromous Bony, Cartilaginous; Lampreys"
Blue Ghost Firefly,Phausis reticulata,Fireflies and Glow-worms
Blue Grosbeak,Passerina caerulea,Birds
Blue Jay,Cyanocitta cristata,Birds
Blue Mason Bee,Osmia caerulescens,Mason Bees
Blue Orchard Bee,Osmia lignaria,Mason Bees
Blue Ridge Dusky Salamander,Desmognathus orestes,Amphibians
Blue Ridge Sallfly,Alloperla stipitata,Stoneflies
Blue Ridge Sculpin,Cottus caeruleomentum,"Fishes - Freshwater and Anadromous Bony, Cartilaginous; Lampreys"
Blue Ridge Springsnail,Fontigens orolibas,Freshwater Snails
Blue Ridge Stygobromid,Stygobromus spinosus,Amphipods
Blue Ridge Two-Lined Salamander,Eurycea wilderae,Amphibians
Blue-Fronted Dancer,Argia apicalis,Dragonflies and Damselflies
Blue-Gray Gnatcatcher,Polioptila caerulea,Birds
Blue-Headed Vireo,Vireo solitarius,Birds
Blue-Ringed Dancer,Argia sedula,Dragonflies and Damselflies
Blue-Tipped Dancer,Argia tibialis,Dragonflies and Damselflies
Blue-Winged Teal,Spatula discors,Birds
Blue-Winged Warbler,Vermivora cyanoptera,Birds
Blueback Herring,Alosa aestivalis,"Fishes - Freshwater and Anadromous Bony, Cartilaginous; Lampreys"
Blueberry Budworm Moth,Abagrotis anchocelioides,Other Moths
Blueberry Gray,Glena cognataria,Other Moths
Bluebreast Darter,Nothonotus camurus,"Fishes - Freshwater and Anadromous Bony, Cartilaginous; Lampreys"
Bluegill,Lepomis macrochirus,"Fishes - Freshwater and Anadromous Bony, Cartilaginous; Lampreys"
Bluegrass Snaggletooth,Gastrocopta clappi,Terrestrial Snails
Bluehead Chub,Nocomis leptocephalus,"Fishes - Freshwater and Anadromous Bony, Cartilaginous; Lampreys"
Blueridge Snowfly,Allocapnia stannardi,Stoneflies
Blueridge Springfly,Remenus kirchneri,Stoneflies
Blueridge Stone,Perlesta frisoni,Stoneflies
Blueside Darter,Etheostoma jessiae,"Fishes - Freshwater and Anadromous Bony, Cartilaginous; Lampreys"
Blueside Shiner,Lythrurus ardens,"Fishes - Freshwater and Anadromous Bony, Cartilaginous; Lampreys"
Bluespar Darter,Etheostoma meadiae,"Fishes - Freshwater and Anadromous Bony, Cartilaginous; Lampreys"
Bluespotted Sunfish,Enneacanthus gloriosus,"Fishes - Freshwater and Anadromous Bony, Cartilaginous; Lampreys"
Bluff Coil,Helicodiscus enneodon,Terrestrial Snails
Bluish Saddle-Case Caddisfly,Glossosoma lividum,Caddisflies
Blunt Ambersnail,Oxyloma retusum,Terrestrial Snails
Bluntnose Minnow,Pimephales notatus,"Fishes - Freshwater and Anadromous Bony, Cartilaginous; Lampreys"
Boat-Tailed Grackle,Quiscalus major,Birds
Bobcat,Lynx rufus,Mammals
Bobolink,Dolichonyx oryzivorus,Birds
Bog Glyph Moth,Deltote bellicula,Other Moths
Bog Turtle,Glyptemys muhlenbergii,Turtles
Bold-Based Zale Moth,Zale lunifera,Other Moths
Bonaparte'S Gull,Chroicocephalus philadelphia,Birds
Booted Trumpet-Net Caddisfly,Cernotina calcea,Caddisflies
Bordered Apamemoth,Apamea sordens,Other Moths
Bordered Long-Horned Caddisfly,Triaenodes marginatus,Caddisflies
Boreal Burying Beetle,Nicrophorus defodiens,Other Beetles
Boreal Fan Moth,Brachionycha borealis,Other Moths
Boreal Stone,Acroneuria lycorias,Stoneflies
Boreal Stripetail,Isoperla transmarina,Stoneflies
Borer Moth,Bellura anoa,Other Moths
Boston Dart,Euxoa bostoniensis,Other Moths
Bottle Hornsnail,Pleurocera gradata,Freshwater Snails
Bottleneck Snaggletooth Snail,Gastrocopta contracta,Terrestrial Snails
Bottlenose Dolphin,Tursiops truncatus,Mammals
Bowfin,Amia calva,"Fishes - Freshwater and Anadromous Bony, Cartilaginous; Lampreys"
Brachycentrid Caddisfly,Adicrophleps hitchcocki,Caddisflies
Bracken Borer Moth,Papaipema pterisii,Papaipema Moths
Bradley'S Prong-Gilled Mayfly,Leptophlebia bradleyi,Mayflies
Brahminy Blindsnake,Indotyphlops braminus,Reptiles
Brant,Branta bernicla,Birds
Brick-Red Borer Moth,Papaipema marginidens,Papaipema Moths
Bridgham'S Brocade Moth,Oligia bridghamii,Other Moths
Bridle Shiner,Notropis bifrenatus,"Fishes - Freshwater and Anadromous Bony, Cartilaginous; Lampreys"
Bridled Tern,Onychoprion anaethetus,Birds
Bright Glyph Snail,Glyphyalinia wheatleyi,Terrestrial Snails
Bright Pitot-Tube Caddisfly,Phylocentropus lucidus,Caddisflies
Brilliant Glyph,Glyphyalinia praecox,Terrestrial Snails
Brilliant Granule Snail,Guppya sterkii,Terrestrial Snails
Brimley'S Chorus Frog,Pseudacris brimleyi,Amphibians
Bristled Slitmouth Snail,Stenotrema barbatum,Terrestrial Snails
Bristly Cutworm Moth,Lacinipolia renigera,Other Moths
Broad Sallow Moth,Xylotype capax,Other Moths
Broad-Banded Forestsnail,Allogona profunda,Terrestrial Snails
Broad-Handed Leafcutter Bee,Megachile latimanus,Leafcutter Bees
Broad-Headed Skink,Plestiodon laticeps,Reptiles
Broad-Lined Erastria,Erastria coloraria,Other Moths
Broad-Winged Bizarre Caddisfly,Lepidostoma latipenne,Caddisflies
Broad-Winged Hawk,Buteo platypterus,Birds
Broad-Winged Skipper,Poanes viator,Butterflies and Skippers
Brocade Moth,Oligia chlorostigma,Other Moths
Broken Trumpet-Net Caddisfly,Holocentropus interruptus,Caddisflies
Bronze Copper,Tharsalea hyllus,Butterflies and Skippers
Bronze Long-Horned Caddisfly,Triaenodes flavescens,Caddisflies
Bronze Pinecone Snail,Strobilops aeneus,Terrestrial Snails
Bronze Tiger Beetle,Cicindela repanda,Tiger Beetles
Brook Floater,Alasmidonta varicosa,Freshwater Mussels
Brook Needlefly,Leuctra sibleyi,Stoneflies
Brook Silverside,Labidesthes sicculus,"Fishes - Freshwater and Anadromous Bony, Cartilaginous; Lampreys"
Brook Snowfly,Allocapnia nivicola,Stoneflies
Brook Springfly,Malirekus hastatus,Stoneflies
Brook Trout,Salvelinus fontinalis,"Fishes - Freshwater and Anadromous Bony, Cartilaginous; Lampreys"
Brown Bark Carpet Moth,Horisme intestinata,Other Moths
Brown Bellytooth,Gastrodonta interna,Terrestrial Snails
Brown Bullhead,Ameiurus nebulosus,"Fishes - Freshwater and Anadromous Bony, Cartilaginous; Lampreys"
Brown Creeper,Certhia americana,Birds
Brown Drake Mayfly,Litobrancha recurvata,Mayflies
Brown Elfin,Callophrys augustinus,Butterflies and Skippers
Brown Flower Moth,Schinia saturata,Other Moths
Brown Gardensnail,Cornu aspersum,Terrestrial Snails
Brown Globelet,Inflectarius kalmianus,Terrestrial Snails
Brown Hive Snail,Euconulus fulvus,Terrestrial Snails
Brown Pelican,Pelecanus occidentalis,Birds
Brown Pine Looper Moth,Caripeta angustiorata,Other Moths
Brown Rat,Rattus norvegicus,Mammals
Brown Small Minnow Mayfly,Baetis brunneicolor,Mayflies
Brown Spiny Crawler Mayfly,Eurylophella funeralis,Mayflies
Brown Spot,Punctum blandianum,Terrestrial Snails
Brown Supercoil,Paravitrea septadens,Terrestrial Snails
Brown Thrasher,Toxostoma rufum,Birds
Brown Trout,Salmo trutta,"Fishes - Freshwater and Anadromous Bony, Cartilaginous; Lampreys"
Brown Walker,Pomatiopsis cincinnatiensis,Freshwater Snails
Brown Watersnake,Nerodia taxispilota,Reptiles
Brown-Belted Bumble Bee,Bombus griseocollis,Bumble Bees
Brown-Headed Cowbird,Molothrus ater,Birds
Brown-Headed Nuthatch,Sitta pusilla,Birds
Brown-Lined Dart Moth,Anaplectoides brunneomedia,Other Moths
Brown-Lined Sallow Moth,Sympistis badistriga,Other Moths
Brown-Spotted Mantleslug,Philomycus venustus,Terrestrial Snails
Bruner'S Mason Bee,Osmia bruneri,Mason Bees
Bryant'S Bizarre Caddisfly,Lepidostoma bryanti,Caddisflies
Buchholz'S Gray,Hypomecis buchholzaria,Other Moths
Budded Threetooth,Triodopsis tennesseensis,Terrestrial Snails
Buff Supercoil,Paravitrea grimmi,Terrestrial Snails
Buff-Breasted Sandpiper,Calidris subruficollis,Birds
Buffalo Pebblesnail,Gillia altilis,Freshwater Snails
Buffalo Springs Caddisfly,Hydropsyche etnieri,Caddisflies
Bufflehead,Bucephala albeola,Birds
Bufflehead Mason Bee,Osmia bucephala,Mason Bees
Bugle Sprite,Dilatata dilatata,Freshwater Snails
Bull Chub,Nocomis raneyi,"Fishes - Freshwater and Anadromous Bony, Cartilaginous; Lampreys"
Bullhead Minnow,Pimephales vigilax,"Fishes - Freshwater and Anadromous Bony, Cartilaginous; Lampreys"
Bumblebee-Like Digger Bee,Anthophora bomboides,Digger Bees
Burdock Borer Moth,Papaipema cataphracta,Papaipema Moths
Burkes Garden Cave Isopod,Conasellus burkensis,Isopods
Burnsville Cove Cave Amphipod,Stygobromus conradi,Amphipods
Buttoned Net-Spinning Caddisfly,Hydropsyche sparna,Caddisflies
Cabbage White,Pieris rapae,Butterflies and Skippers
Caddisfly,Agapetus kirchneri,Caddisflies
Cahabsand-Filtering Mayfly,Homoeoneuria cahabensis,Mayflies
Calico Pennant,Celithemis elisa,Dragonflies and Damselflies
Californicuckoo Bee,Brachymelecta californica,Other Bees
Callirhoe Bee,Melissodes tepaneca,Other Bees
Calm Pitot-Tube Caddisfly,Phylocentropus placidus,Caddisflies
Camphorweed Flower Moth,Schinia nubila,Other Moths
Camphorweed Owlet Moth,Cucullia alfarata,Other Moths
Canaddarner,Aeshna canadensis,Dragonflies and Damselflies
Canadgoose,Branta canadensis,Birds
Canadwarbler,Cardellina canadensis,Birds
Cancelled Long-Horned Caddisfly,Ceraclea cancellata,Caddisflies
Candy Darter,Etheostoma osburni,"Fishes - Freshwater and Anadromous Bony, Cartilaginous; Lampreys"
Cane Boring Noctuid,Acrapex relicta,Other Moths
Cane Wainscot,Leucania calidior,Other Moths
Canvasback,Aythya valisineria,Birds
Cape May Warbler,Setophaga tigrina,Birds
Capital Aregroundwater Amphipod,Stygobromus sextarius,Amphipods
Capital Vertigo,Vertigo oscariana,Terrestrial Snails
Carabid Beetle,Pseudaptinus lecontei,Ground Beetles
Carinate Slitmouth,Stenotrema spinosum,Terrestrial Snails
Carlotta'S Tiger Moth,Apantesis carlotta,Tiger Moths
Carlson'S Polycentropus Caddisfly,Polycentropus carlsoni,Caddisflies
Carolinarmored Mayfly,Baetisca carolina,Mayflies
Carolinburying Beetle,Nicrophorus carolinus,Other Beetles
Carolinchickadee,Poecile carolinensis,Birds
Carolindarter,Etheostoma collis,"Fishes - Freshwater and Anadromous Bony, Cartilaginous; Lampreys"
Carolinfantail Darter,Etheostoma brevispinum,"Fishes - Freshwater and Anadromous Bony, Cartilaginous; Lampreys"
Carolinflat-Headed Mayfly,Stenacron carolina,Mayflies
Carolinforestfly,Soyedina carolinensis,Stoneflies
Carolinfree-Living Caddisfly,Rhyacophila carolina,Caddisflies
Carolinmantleslug,Philomycus carolinianus,Terrestrial Snails
Carolinneedlefly,Leuctra carolinensis,Stoneflies
Carolinparakeet,Conuropsis carolinensis,Birds
Carolinphysa,Physella carolinae,Freshwater Snails
Carolinpitot-Tube Caddisfly,Phylocentropus carolinus,Caddisflies
Carolinroadside-Skipper,Amblyscirtes carolina,Butterflies and Skippers
Carolinsallfly,Sweltsa mediana,Stoneflies
Carolinsalmonfly,Pteronarcys scotti,Stoneflies
Carolinsatyr,Hermeuptychia sosybius,Butterflies and Skippers
Carolinsphinx,Manduca sexta,Sphinx Moths
Carolinstone,Acroneuria carolinensis,Stoneflies
Carolintrumpet-Net Caddisfly,Polycentropus carolinensis,Caddisflies
Carolinwren,Thryothorus ludovicianus,Birds
Carpenter Frog,Lithobates virgatipes,Amphibians
Carpenter-Mimic Leaf-Cutter Bee,Megachile xylocopoides,Leafcutter Bees
Carpenter'S Free-Living Caddisfly,Rhyacophila carpenteri,Caddisflies
Carpenterworm Moth,Givira francesca,Other Moths
Carter Threetooth,Triodopsis anteridon,Terrestrial Snails
Carved Glyph Snail,Glyphyalinia indentata,Terrestrial Snails
Caspian Tern,Hydroprogne caspia,Birds
Cassius Blue,Leptotes cassius,Butterflies and Skippers
Catalphornworm,Ceratomia catalpae,Sphinx Moths
Cattle Egret,Ardea ibis,Birds
Cave Obligate Isopod,Ligidium elrodii,Isopods
Cave Salamander,Eurycea lucifuga,Amphibians
Cave Springs Isopod,Lirceus fonticulus,Isopods
Cecropisilkmoth,Hyalophora cecropia,Giant Silkworm and Royal Moths
Cedar Waxwing,Bombycilla cedrorum,Birds
Cedars Spring Isopod,Lirceus cedrus,Isopods
Celery Looper Moth,Anagrapha falcifera,Other Moths
Cellophane Bee,Colletes ciliatus,Other Bees
Central Flat-Headed Mayfly,Rhithrogena manifesta,Mayflies
Central Forestfly,Prostoia completa,Stoneflies
Central Stone,Acroneuria frisoni,Stoneflies
Central Trumpet-Net Caddisfly,Polycentropus centralis,Caddisflies
Ceraclean Caddisfly,Ceraclea nepha,Caddisflies
Cerulean Warbler,Setophaga cerulea,Birds
Chain Fern Borer Moth,Papaipema stenocelis,Papaipema Moths
Chain Pickerel,Esox niger,"Fishes - Freshwater and Anadromous Bony, Cartilaginous; Lampreys"
Chainback Darter,Percina nevisensis,"Fishes - Freshwater and Anadromous Bony, Cartilaginous; Lampreys"
Changeable Mantleslug,Megapallifera mutabilis,Terrestrial Snails
Channel Catfish,Ictalurus punctatus,"Fishes - Freshwater and Anadromous Bony, Cartilaginous; Lampreys"
Channel Darter,Percina copelandi,"Fishes - Freshwater and Anadromous Bony, Cartilaginous; Lampreys"
Charming Underwing Moth,Catocala blandula,Underwing Moths
Charred Dagger Moth,Acronicta brumosa,Other Moths
Checkered Beetle,Trichodes apivorus,Trichodes Checkered Beetles
Checkered White,Pontia protodice,Butterflies and Skippers
Cherry Gall Azure,Celastrina serotina,Butterflies and Skippers
Cherrystone Drop,Hendersonia occulta,Terrestrial Snails
Chesapeake Ambersnail,Oxyloma subeffusum,Terrestrial Snails
Chesapeake Logperch,Percina bimaculata,"Fishes - Freshwater and Anadromous Bony, Cartilaginous; Lampreys"
Chestnut Clearwing Moth,Synanthedon castaneae,Other Moths
Chestnut Leaf Miner Moth,Coptotriche perplexa,Other Moths
Chestnut Schizura,Schizura badia,Notodontid Moths
Chestnut-Sided Warbler,Setophaga pensylvanica,Birds
Chicken Turtle,Deirochelys reticularia,Turtles
Chimney Swift,Chaetura pelagica,Birds
Chinese Mysterysnail,Cipangopaludina chinensis,Freshwater Snails
Chipping Sparrow,Spizella passerina,Birds
Chocolate Moth,Argyrostrotis deleta,Other Moths
Chocolate Prominent Moth,Peridea ferruginea,Notodontid Moths
Chosen Sallow,Psaphida electilis,Other Moths
Chowanoke Crayfish,Faxonius virginiensis,Crayfishes
Chuck-Will'S-Widow,Antrostomus carolinensis,Birds
Cinereus Shrew,Sorex cinereus,Mammals
Clamshell Long-Horned Caddisfly,Triaenodes perna,Caddisflies
Clapper Rail,Rallus crepitans,Birds
Clavated Microcaddisfly,Ithytrichia clavata,Caddisflies
Clear Dart Moth,Euxoa declarata,Other Moths
Click Beetle,Gambrinus olentangyi,Other Beetles
Cliff Swallow,Petrochelidon pyrrhonota,Birds
Cline'S Trumpet-Net Caddisfly,Plectrocnemia clinei,Caddisflies
Clinton'S Underwing,Catocala clintonii,Underwing Moths
Clio Stripetail,Clioperla clio,Stoneflies
Clothed Giant Caddisfly,Agrypnia vestita,Caddisflies
Clouded Sulphur,Colias philodice,Butterflies and Skippers
Clouded Underwing,Catocala nebulosa,Underwing Moths
Cloudless Sulphur,Phoebis sennae,Butterflies and Skippers
Cloudy Prong-Gilled Mayfly,Leptophlebia nebulosa,Mayflies
Clover Hollow Cave Beetle,Pseudanophthalmus gracilis,Ground Beetles
Club Elimia,Elimia clavaeformis,Freshwater Snails
Clymene Moth,Haploa clymene,Tiger Moths
Coal Elimia,Elimia aterina,Freshwater Snails
Coal Skink,Plestiodon anthracinus,Reptiles
Coalfields Crayfish,Cambarus theepiensis,Crayfishes
Coastal Plain Cooter,Pseudemys floridana,Turtles
Coastal Stone,Neoperla clymene,Stoneflies
Coastal-Plain Ambersnail,Oxyloma effusum,Terrestrial Snails
Coastal-Plain Tigersnail,Anguispira fergusoni,Terrestrial Snails
Cobweb Skipper,Hesperia metea,Butterflies and Skippers
Cold Spring Triaenodes Caddisfly,Triaenodes taenia,Caddisflies
Cole'S Trumpet-Net Caddisfly,Polycentropus colei,Caddisflies
Collared Northern Caddisfly,Limnephilus submonilifer,Caddisflies
Collins'S Mason Bee,Osmia collinsiae,Mason Bees
Colonmoth,Haploa colona,Tiger Moths
Colorful Stripetail,Isoperla slossonae,Stoneflies
Colorless Stripetail,Isoperla orata,Stoneflies
Columbine Duskywing,Erynnis lucilius,Butterflies and Skippers
Comb Snaggletooth Snail,Gastrocopta pentodon,Terrestrial Snails
Comb Supercoil,Paravitrea dentilla,Terrestrial Snails
Comely Shiner,Notropis amoenus,"Fishes - Freshwater and Anadromous Bony, Cartilaginous; Lampreys"
Comet Darner,Anax longipes,Dragonflies and Damselflies
Common Angle,Macaria aequiferaria,Other Moths
Common Arugisa,Arugisa latiorella,Other Moths
Common Arugismoth,Arugisa lutea,Other Moths
Common Buckeye,Junonia coenia,Butterflies and Skippers
Common Carp,Cyprinus carpio,"Fishes - Freshwater and Anadromous Bony, Cartilaginous; Lampreys"
Common Checkered-Skipper,Burnsius communis,Butterflies and Skippers
Common Claybank Tiger Beetle,Cicindela limbalis,Tiger Beetles
Common Eastern Bumble Bee,Bombus impatiens,Bumble Bees
Common Eider,Somateria mollissima,Birds
Common Five-Lined Skink,Plestiodon fasciatus,Reptiles
Common Flat-Headed Mayfly,Stenacron interpunctatum,Mayflies
Common Gallinule,Gallinula galeata,Birds
Common Gartersnake,Thamnophis sirtalis,Reptiles
Common Gluphisimoth,Gluphisia septentrionis,Notodontid Moths
Common Goldeneye,Bucephala clangula,Birds
Common Grackle,Quiscalus quiscula,Birds
Common Green Darner,Anax junius,Dragonflies and Damselflies
Common Leafcutter Bee,Megachile centuncularis,Leafcutter Bees
Common Least Skipper,Ancyloxypha numitor,Butterflies and Skippers
Common Loon,Gavia immer,Birds
Common Looper Moth,Autographa precationis,Other Moths
Common Lytrosis Moth,Lytrosis unitaria,Other Moths
Common Merganser,Mergus merganser,Birds
Common Metarranthis Moth,Metarranthis hypochraria,Other Moths
Common Mud Turtle,Kinosternon subrubrum,Turtles
Common Muskrat,Ondatra zibethicus,Mammals
Common Nighthawk,Chordeiles minor,Birds
Common Oak Moth,Phoberia atomaris,Other Moths
Common Pinkband Moth,Ogdoconta cinereola,Other Moths
Common Ptichodis,Ptichodis herbarum,Other Moths
Common Raven,Corvus corax,Birds
Common Roachfly,Tallaperla maria,Stoneflies
Common Roadside-Skipper,Amblyscirtes vialis,Butterflies and Skippers
Common Shiner,Luxilus cornutus,"Fishes - Freshwater and Anadromous Bony, Cartilaginous; Lampreys"
Common Small Minnow Mayfly,Baetis tricaudatus,Mayflies
Common Small Square-Gilled Mayfly,Caenis latipennis,Mayflies
Common Snowfly,Allocapnia granulata,Stoneflies
Common Sootywing,Pholisora catullus,Butterflies and Skippers
Common Stone,Acroneuria abnormis,Stoneflies
Common Tern,Sterna hirundo,Birds
Common Watersnake,Nerodia sipedon,Reptiles
Common Wood-Nymph,Cercyonis pegala,Butterflies and Skippers
Common Wormsnake,Carphophis amoenus,Reptiles
Common Yellowthroat,Geothlypis trichas,Birds
Companionable Finger-Net Caddisfly,Chimarra socia,Caddisflies
Companionable Northern Caddisfly,Anabolia consocia,Caddisflies
Compound Coil Snail,Helicodiscus parallelus,Terrestrial Snails
Comstock'S Sallow Moth,Feralia comstocki,Other Moths
Coneflower Borer Moth,Papaipema nelita,Papaipema Moths
Confused Cloudywing,Thorybes confusis,Butterflies and Skippers
Confused Haplomoth,Haploa confusa,Tiger Moths
Confused Meganolmoth,Meganola minuscula,Other Moths
Confused Small Minnow Mayfly,Acentrella turbida,Mayflies
Confusing Bumble Bee,Bombus perplexus,Bumble Bees
Confusing Firefly,Photuris tremulans,Fireflies and Glow-worms
Confusing Stripetail,Isoperla pseudosimilis,Stoneflies
Conhaway Crayfish,Cambarus appalachiensis,Crayfishes
Conifer Swift Moth,Korscheltellus gracilis,Other Moths
Connecticut Warbler,Oporornis agilis,Birds
Connubial Underwing,Catocala connubialis,Underwing Moths
Consanguineous Firefly,Photinus consanguineus,Fireflies and Glow-worms
Constant Free-Living Caddisfly,Rhyacophila invaria,Caddisflies
Contracted Datana,Datana contracta,Notodontid Moths
Cooper'S Hawk,Astur cooperii,Birds
Cope'S Gray Treefrog,Dryophytes chrysoscelis,Amphibians
Copious Humpless Caddisfly,Brachycentrus numerosus,Caddisflies
Copper Button Snail,Mesomphix cupreus,Terrestrial Snails
Copper Dome,Ventridens theloides,Terrestrial Snails
Copper Underwing Moth,Amphipyra pyramidoides,Other Moths
Coral Hairstreak,Satyrium titus,Butterflies and Skippers
Cordial Microcaddisfly,Hydroptila amoena,Caddisflies
Corn Earworm Moth,Helicoverpa zea,Other Moths
Cory'S Shearwater,Calonectris borealis,Birds
Costate Vallonisnail,Vallonia costata,Terrestrial Snails
Costello Microcaddisfly,Agraylea costella,Caddisflies
Cotton Deermouse,Peromyscus gossypinus,Mammals
Cougar,Puma concolor,Mammals
Cow Knob Salamander,Plethodon punctatus,Amphibians
Cow Path Tiger Beetle,Cicindela purpurea,Tiger Beetles
Coyote,Canis latrans,Mammals
Coypu,Myocastor coypus,Mammals
Cracking Pearlymussel,Hemistena lata,Freshwater Mussels
Craig County Cave Amphipod,Stygobromus estesi,Amphipods
Cranberry Leafcutter Bee,Megachile addenda,Leafcutter Bees
Crayfish,Cambarus magerae,Crayfishes
Creek Chub,Semotilus atromaculatus,"Fishes - Freshwater and Anadromous Bony, Cartilaginous; Lampreys"
Creeper,Strophitus undulatus,Freshwater Mussels
Creeping Ancylid,Ferrissia rivularis,Freshwater Snails
Creole Pearly-Eye,Lethe creola,Butterflies and Skippers
Crescent Shiner,Luxilus cerasinus,"Fishes - Freshwater and Anadromous Bony, Cartilaginous; Lampreys"
Crested Flebeetle,Diabrotica cristata,Other Beetles
Crested Microcaddisfly,Orthotrichia cristata,Caddisflies
Crested Mudalia,Leptoxis carinata,Freshwater Snails
Crested Snaggletooth,Gastrocopta cristata,Terrestrial Snails
Cricket Coil,Helicodiscus hadenoecus,Terrestrial Snails
Crinkled Ambersnail,Succinea campestris,Terrestrial Snails
Crooked Long-Horned Caddisfly,Ceraclea ancylus,Caddisflies
Crossed Dome,Ventridens decussatus,Terrestrial Snails
Crossline Skipper,Polites origenes,Butterflies and Skippers
Crossroads Cave Beetle,Pseudanophthalmus intersectus,Ground Beetles
Crosswise Long-Horned Caddisfly,Ceraclea transversa,Caddisflies
Crosswise Net-Spinning Caddisfly,Macrostemum transversum,Caddisflies
Cryptic Willowfly,Taeniopteryx nelsoni,Stoneflies
Cumberland Cave Amphipod,Stygobromus cumberlandus,Amphipods
Cumberland Gap Cave Amphipod,Bactrurus angulus,Amphipods
Cumberland Gap Cave Beetle,Pseudanophthalmus hirsutus,Ground Beetles
Cumberland Gap Cave Isopod,Caecidotea cumberlandensis,Isopods
Cumberland Leafshell,Epioblasma stewardsonii,Freshwater Mussels
Cumberland Liptooth,Daedalochila plicata,Terrestrial Snails
Cumberland Moccasinshell,Medionidus conradicus,Freshwater Mussels
Cumberland Monkeyface,Theliderma intermedia,Freshwater Mussels
Cumberland Plateau Salamander,Plethodon kentucki,Amphibians
Cumberland Willowfly,Taeniopteryx ugola,Stoneflies
Cumberlandian Combshell,Epioblasma brevidens,Freshwater Mussels
Cupid Prong-Gilled Mayfly,Leptophlebia cupida,Mayflies
Cupped Vertigo Snail,Vertigo clappi,Terrestrial Snails
Curious Small Minnow Mayfly,Heterocloeon curiosum,Mayflies
Currant Eulithis Moth,Eulithis propulsata,Other Moths
Currant Spanworm Moth,Macaria ribearia,Other Moths
Curved Sallfly,Sweltsa lateralis,Stoneflies
Cutlip Minnow,Exoglossum maxillingua,"Fishes - Freshwater and Anadromous Bony, Cartilaginous; Lampreys"
Cypress Emerald Moth,Nemoria elfa,Other Moths
Cypress Looper Moth,Iridopsis pergracilis,Other Moths
Cypress Sphinx,Isoparce cupressi,Sphinx Moths
Daily Long-Horned Caddisfly,Nectopsyche diarina,Caddisflies
Daniel'S Cane Borer,Protapamea danieli,Other Moths
Dappled Long-Horned Caddisfly,Setodes guttatus,Caddisflies
Dappled Prong-Gilled Mayfly,Paraleptophlebia guttata,Mayflies
Dark Falsemussel,Mytilopsis leucophaeata,Other Molluscs
Dark Firefly Beetle,Pyropyga nigricans,Fireflies and Glow-worms
Dark Net-Tube Caddisfly,Lype diversa,Caddisflies
Dark Stoneroot Borer Moth,Papaipema duplicatus,Papaipema Moths
Dark Stripetail,Isoperla lata,Stoneflies
Dark Sword Grass Moth,Agrotis ipsilon,Other Moths
Dark Weighted-Case Caddisfly,Goera fuscula,Caddisflies
Dark Willowfly,Oemopteryx contorta,Stoneflies
Dark-Eyed Junco,Junco hyemalis,Birds
Dark-Spotted Palthis Moth,Palthis angulalis,Other Moths
Darling Underwing Moth,Catocala cara,Underwing Moths
Dart Moth,Euxoa fumalis,Other Moths
Dashed Gray Pinion Moth,Lithophane disposita,Other Moths
Deceptive Cave Beetle,Pseudanophthalmus deceptivus,Ground Beetles
Decorated Owlet Moth,Pangrapta decoralis,Other Moths
Decorative-Horned Harp Ground Beetle,Pentagonica picticornis,Ground Beetles
Deep Yellow Euchlaena,Euchlaena amoenaria,Other Moths
Deep-Tooth Shagreen,Inflectarius rugeli,Terrestrial Snails
Deerberry Melitta,Melitta eickworti,Blunt-horn Bees
Deertoe,Truncilla truncata,Freshwater Mussels
Dejected Underwing,Catocala dejecta,Underwing Moths
Dekay'S Brownsnake,Storeria dekayi,Reptiles
Delaware Skipper,Anatrytone logan,Butterflies and Skippers
Delicate Cave Beetle,Pseudanophthalmus delicatus,Ground Beetles
Delicate Hood Caddisfly,Molanna tryphena,Caddisflies
Delicate Vertigo Snail,Vertigo bollesiana,Terrestrial Snails
Delightful Bird-Dropping Moth,Tarache delecta,Other Moths
Dentate Orthotrichian Microcaddisfly,Orthotrichia dentata,Caddisflies
Dentate Supercoil Snail,Paravitrea multidentata,Terrestrial Snails
Depraved Net-Spinning Caddisfly,Hydropsyche depravata,Caddisflies
Depressed Glyph,Glyphyalinia virginica,Terrestrial Snails
Detritus Ambersnail,Mediappendix oklahomarum,Terrestrial Snails
Devil Crawfish,Lacunicambarus diogenes,Crayfishes
Dewalt Stripetail,Isoperla dewalti,Stoneflies
Diamond-Backed Terrapin,Malaclemys terrapin,Turtles
Dianfritillary,Argynnis diana,Butterflies and Skippers
Dickcissel,Spiza americana,Birds
Difficult Northern Caddisfly,Frenesia difficilis,Caddisflies
Digger Bee,Anthophora plumipes,Digger Bees
Digger Crayfish,Creaserinus fodiens,Crayfishes
Dimorphic Eulithis Moth,Eulithis molliculata,Other Moths
Dimple Supercoil,Paravitrea capsella,Terrestrial Snails
Dinky Net-Tube Caddisfly,Psychomyia flavida,Caddisflies
Dion Skipper,Euphyes dion,Butterflies and Skippers
Diplectronan Caddisfly,Diplectrona metaqui,Caddisflies
Dirty Net-Spinning Caddisfly,Cheumatopsyche sordida,Caddisflies
Disc Sprite,Dilatata brogniartiana,Freshwater Snails
Dished Threetooth Snail,Triodopsis vulgata,Terrestrial Snails
Disjunct Looper,Polychrysia morigera,Other Moths
Dismal Swamp Isopod,Conasellus attenuatus,Isopods
Dispersed Northern Caddisfly,Pycnopsyche conspersa,Caddisflies
Distinct Hackle-Gilled Burrowing Mayfly,Anthopotamus distinctus,Mayflies
Distinct Mason Bee,Osmia distincta,Mason Bees
Distinguished Cypress Owlet Moth,Cutina distincta,Other Moths
Divergent Northern Caddisfly,Pycnopsyche divergens,Caddisflies
Diversity Clam Shrimp,Eulimnadia diversa,"Fairy, Clam, and Tadpole Shrimps"
Dixie Cavern Salamander,Plethodon dixi,Amphibians
Dock Rustic Moth,Resapamea passer,Other Moths
Dogbane Tiger Moth,Cycnia tenera,Tiger Moths
Dogwood Thyatirid Moth,Euthyatira pudens,Other Moths
Doll'S Dagger Moth,Acronicta dolli,Other Moths
Dollar Sunfish,Lepomis marginatus,"Fishes - Freshwater and Anadromous Bony, Cartilaginous; Lampreys"
Domed Disc,Discus patulus,Terrestrial Snails
Dot-Footed Long-Horned Caddisfly,Ceraclea tarsipunctata,Caddisflies
Dot-Lined Wave,Idaea tacturata,Other Moths
Dot-Lined White Moth,Artace cribrarius,Other Moths
Dotted Flat-Headed Mayfly,Epeorus punctatus,Mayflies
Dotted Gray,Glena cribrataria,Other Moths
Dotted Long-Horned Caddisfly,Ceraclea punctata,Caddisflies
Dotted Skipper,Hesperia attalus,Butterflies and Skippers
Dotted Small Square-Gilled Mayfly,Caenis punctata,Mayflies
Double-Banded Zale Moth,Zale calycanthata,Other Moths
Double-Crested Cormorant,Nannopterum auritum,Birds
Double-Lined Prominent,Lochmaeus bilineata,Notodontid Moths
Double-Ringed Pennant,Celithemis verna,Dragonflies and Damselflies
Double-Toothed Prominent Moth,Nerice bidentata,Notodontid Moths
Doubled Microcaddisfly,Oxyethira dualis,Caddisflies
Doubtful Long-Horned Caddisfly,Setodes incertus,Caddisflies
Doubtful Mountain Caddisfly,Apatania incerta,Caddisflies
Dovekie,Alle alle,Birds
Downy Woodpecker,Dryobates pubescens,Birds
Drab Itame,Macaria evagaria,Other Moths
Drab Prominent,Misogada unicolor,Notodontid Moths
Dragon Run Stone,Perlesta roblei,Stoneflies
Dreamy Duskywing,Erynnis icelus,Butterflies and Skippers
Drexel'S Datana,Datana drexelii,Notodontid Moths
Dromedary Pearlymussel,Dromus dromas,Freshwater Mussels
Dubious Small Minnow Mayfly,Plauditus dubius,Mayflies
Dukes' Skipper,Euphyes dukesi,Butterflies and Skippers
Dull Reddish Dart Moth,Xestia dilucida,Other Moths
Dun Skipper,Euphyes vestris,Butterflies and Skippers
Dunlin,Calidris alpina,Birds
Dusky Ancylid,Laevapex fuscus,Freshwater Snails
Dusky Apamemoth,Apamea plutonia,Other Moths
Dusky Azure,Celastrina nigra,Butterflies and Skippers
Dusky Button,Mesomphix capnodes,Terrestrial Snails
Dusky Dancer,Argia translata,Dragonflies and Damselflies
Dusky Darter,Percina sciera,"Fishes - Freshwater and Anadromous Bony, Cartilaginous; Lampreys"
Dusky Flat-Headed Mayfly,Heptagenia pulla,Mayflies
Dusky Fossaria,Galba dalli,Freshwater Snails
Dusky Free-Living Caddisfly,Rhyacophila fuscula,Caddisflies
Dusky Little Caddisfly,Neophylax fuscus,Caddisflies
Dusky Roadside-Skipper,Amblyscirtes alternata,Butterflies and Skippers
Dusky Sallfly,Alloperla biserrata,Stoneflies
Duskytail Darter,Etheostoma percnurum,"Fishes - Freshwater and Anadromous Bony, Cartilaginous; Lampreys"
Dusted Skipper,Atrytonopsis hianna,Butterflies and Skippers
Dwarf Mason Bee,Osmia pumila,Mason Bees
Dwarf Waterdog,Necturus punctatus,Amphibians
Dwarf Wedgemussel,Prolasmidonta heterodon,Freshwater Mussels
Eared Free-Living Caddisfly,Rhyacophila otica,Caddisflies
Early Hairstreak,Erora laeta,Butterflies and Skippers
Eastern Beach Tiger Beetle,Habroscelimorpha dorsalis,Tiger Beetles
Eastern Black Kingsnake,Lampropeltis nigra,Reptiles
Eastern Blacknose Dace,Rhinichthys atratulus,"Fishes - Freshwater and Anadromous Bony, Cartilaginous; Lampreys"
Eastern Bluebird,Sialia sialis,Birds
Eastern Buckmoth,Hemileuca maia,Giant Silkworm and Royal Moths
Eastern Carpenter Bee,Xylocopa virginica,Carpenter Bees
Eastern Chipmunk,Tamias striatus,Mammals
Eastern Comma,Polygonia comma,Butterflies and Skippers
Eastern Copperhead,Agkistrodon contortrix,Reptiles
Eastern Cottontail,Sylvilagus floridanus,Mammals
Eastern Creek Chubsucker,Erimyzon oblongus,"Fishes - Freshwater and Anadromous Bony, Cartilaginous; Lampreys"
Eastern Cricket Frog,Acris crepitans,Amphibians
Eastern Elliptio,Elliptio complanata,Freshwater Mussels
Eastern Fairy Shrimp,Eubranchipus holmanii,"Fairy, Clam, and Tadpole Shrimps"
Eastern Fence Lizard,Sceloporus undulatus,Reptiles
Eastern Floater,Pyganodon cataracta,Freshwater Mussels
Eastern Forestfly,Amphinemura delosa,Stoneflies
Eastern Fox Squirrel,Sciurus niger,Mammals
Eastern Free-Living Caddisfly,Rhyacophila ledra,Caddisflies
Eastern Glass Lizard,Ophisaurus ventralis,Reptiles
Eastern Gray Squirrel,Sciurus carolinensis,Mammals
Eastern Green Drake Mayfly,Ephemera guttulata,Mayflies
Eastern Harvest Mouse,Reithrodontomys humulis,Mammals
Eastern Hog-Nosed Snake,Heterodon platirhinos,Reptiles
Eastern Kingbird,Tyrannus tyrannus,Birds
Eastern Kingsnake,Lampropeltis getula,Reptiles
Eastern Lampmussel,Lampsilis radiata,Freshwater Mussels
Eastern Meadow Vole,Microtus pennsylvanicus,Mammals
Eastern Meadowlark,Sturnella magna,Birds
Eastern Melampus,Melampus bidentatus,Other Molluscs
Eastern Milksnake,Lampropeltis triangulum,Reptiles
Eastern Mole,Scalopus aquaticus,Mammals
Eastern Mosquitofish,Gambusia holbrooki,"Fishes - Freshwater and Anadromous Bony, Cartilaginous; Lampreys"
Eastern Mudminnow,Umbra pygmaea,"Fishes - Freshwater and Anadromous Bony, Cartilaginous; Lampreys"
Eastern Musk Turtle,Sternotherus odoratus,Turtles
Eastern Narrow-Mouthed Toad,Gastrophryne carolinensis,Amphibians
Eastern Needlefly,Leuctra ferruginea,Stoneflies
Eastern Net-Spinning Caddisfly,Cheumatopsyche ela,Caddisflies
Eastern Newt,Notophthalmus viridescens,Amphibians
Eastern Panthemoth,Panthea furcilla,Other Moths
Eastern Phoebe,Sayornis phoebe,Birds
Eastern Pine Elfin,Callophrys niphon,Butterflies and Skippers
Eastern Pinebarrens Tiger Beetle,Cicindela abdominalis,Tiger Beetles
Eastern Pinesnake,Pituophis melanoleucus,Reptiles
Eastern Pondhorn,Uniomerus carolinianus,Freshwater Mussels
Eastern Pondmussel,Sagittunio nasutus,Freshwater Mussels
Eastern Pygmy Shrew,Sorex hoyi,Mammals
Eastern Ratsnake,Pantherophis alleghaniensis,Reptiles
Eastern Red Bat,Lasiurus borealis,Mammals
Eastern Red Damsel,Amphiagrion saucium,Dragonflies and Damselflies
Eastern Red-Backed Salamander,Plethodon cinereus,Amphibians
Eastern Red-Bellied Tiger Beetle,Cicindela rufiventris,Tiger Beetles
Eastern Ribbonsnake,Thamnophis saurita,Reptiles
Eastern Screech-Owl,Megascops asio,Birds
Eastern Silvery Minnow,Hybognathus regius,"Fishes - Freshwater and Anadromous Bony, Cartilaginous; Lampreys"
Eastern Small-Footed Myotis,Myotis leibii,Mammals
Eastern Snail Shell Mason Bee,Osmia conjuncta,Mason Bees
Eastern Snowfly,Allocapnia recta,Stoneflies
Eastern Spadefoot,Scaphiopus holbrookii,Amphibians
Eastern Stone,Acroneuria arenosa,Stoneflies
Eastern Tailed-Blue,Cupido comyntas,Butterflies and Skippers
Eastern Tent Caterpillar Moth,Malacosoma americana,Other Moths
Eastern Tiger Salamander,Ambystoma tigrinum,Amphibians
Eastern Tiger Swallowtail,Pterourus glaucus,Butterflies and Skippers
Eastern Towhee,Pipilo erythrophthalmus,Birds
Eastern Warbling-Vireo,Vireo gilvus,Birds
Eastern Water Shrew,Sorex albibarbis,Mammals
Eastern Whip-Poor-Will,Antrostomus vociferus,Birds
Eastern Willowfly,Taeniopteryx burksi,Stoneflies
Eastern Wood-Pewee,Contopus virens,Birds
Eastern Woodland Jumping Mouse,Napaeozapus insignis,Mammals
Ebony Jewelwing,Calopteryx maculata,Dragonflies and Damselflies
Edged Saddlecase Caddisfly,Culoptila cantha,Caddisflies
Edwards' Hairstreak,Satyrium edwardsii,Butterflies and Skippers
Effective Euchlaenmoth,Euchlaena effecta,Other Moths
Elegant Prominent Moth,Pheosidea elegans,Notodontid Moths
Elegant Small Square-Gilled Mayfly,Brachycercus nitidus,Mayflies
Elephantear,Elliptio crassidens,Freshwater Mussels
Elktoe,Alasmidonta marginata,Freshwater Mussels
Ellett Valley Cave Beetle,Pseudanophthalmus pusio,Ground Beetles
Elm Sphinx Moth,Ceratomia amyntor,Sphinx Moths
Elm Trumpet-Net Caddisfly,Nyctiophylax celta,Caddisflies
Embossed Stone,Paragnetina media,Stoneflies
Emerald Flower Scarab,Trichiotinus lunulatus,Hairy Flower Scarabs
Emerald Shiner,Notropis atherinoides,"Fishes - Freshwater and Anadromous Bony, Cartilaginous; Lampreys"
Emigrating Microcaddisfly,Hydroptila metoeca,Caddisflies
Empty Microcaddisfly,Oxyethira zeronia,Caddisflies
Entwined Microcaddisfly,Hydroptila ampoda,Caddisflies
Ephemeral Cave Amphipod,Stygobromus ephemerus,Amphipods
Epione Underwing,Catocala epione,Underwing Moths
Esther Moth,Hypagyrtis esther,Other Moths
Ethologist Fairy Shrimp,Eubranchipus serratus,"Fairy, Clam, and Tadpole Shrimps"
Eupatorium Borer Moth,Papaipema eupatorii,Papaipema Moths
Eurasian Wigeon,Mareca penelope,Birds
European Skipper,Thymelicus lineola,Butterflies and Skippers
European Starling,Sturnus vulgaris,Birds
Evansville Snowfly,Allocapnia frisoni,Stoneflies
Evening Bat,Nycticeius humeralis,Mammals
Evening Grosbeak,Coccothraustes vespertinus,Birds
Evening Primrose Moth,Schinia florida,Other Moths
Exaggerated Microcaddisfly,Hydroptila grandiosa,Caddisflies
Excentric Ancylid,Hebetancylus excentricus,Freshwater Snails
Exhausted Brocade Moth,Neoligia exhausta,Other Moths
Exposed Net-Spinning Caddisfly,Cheumatopsyche pasella,Caddisflies
Exquisite Long-Horned Caddisfly,Nectopsyche exquisita,Caddisflies
Eyed Giant Caddisfly,Ptilostomis ocellifera,Caddisflies
Failed Northern Caddisfly,Frenesia missa,Caddisflies
Faint-Spotted Angle Moth,Digrammia ocellinata,Other Moths
Fairchild'S Firefly,Photuris fairchildi,Fireflies and Glow-worms
Faithful Hood Caddisfly,Molanna uniophila,Caddisflies
Falcate Orangetip,Anthocharis midea,Butterflies and Skippers
Fallfish,Semotilus corporalis,"Fishes - Freshwater and Anadromous Bony, Cartilaginous; Lampreys"
False Crocus Geometer Moth,Xanthotype urticaria,Other Moths
False Map Turtle,Graptemys pseudogeographica,Turtles
False Underwing Moth,Allotria elonympha,Other Moths
Fanshell,Cyprogenia stegaria,Freshwater Mussels
Fantail Darter,Etheostoma flabellare,"Fishes - Freshwater and Anadromous Bony, Cartilaginous; Lampreys"
Fasciated Northern Caddisfly,Pycnopsyche subfasciata,Caddisflies
Fat-Horned Trumpet-Net Caddisfly,Plectrocnemia crassicornis,Caddisflies
Fathead Minnow,Pimephales promelas,"Fishes - Freshwater and Anadromous Bony, Cartilaginous; Lampreys"
Fatlips Minnow,Phenacobius crassilabrum,"Fishes - Freshwater and Anadromous Bony, Cartilaginous; Lampreys"
Fawn Darner,Boyeria vinosa,Dragonflies and Damselflies
Fawn Sphinx Moth,Sphinx kalmiae,Sphinx Moths
Fearful Long-Horned Caddisfly,Nectopsyche pavida,Caddisflies
Felt'S Mason Bee,Osmia felti,Mason Bees
Ferruginous Eulimoth,Eulia ministrana,Other Moths
Ferryman Humpless Caddisfly,Micrasema charonis,Caddisflies
Festive Tiger Beetle,Cicindela scutellaris,Tiger Beetles
Field Sparrow,Spizella pusilla,Birds
Fiery Long-Horned Caddisfly,Triaenodes ignitus,Caddisflies
Fiery Skipper,Hylephila phyleus,Butterflies and Skippers
Figured Tiger Moth,Apantesis figurata,Tiger Moths
Figwort Borer Moth,Hydraecia stramentosa,Other Moths
File Thorn Snail,Carychium nannodes,Terrestrial Snails
Fillet Dart Moth,Euxoa redimicula,Other Moths
Fin Whale,Balaenoptera physalus,Mammals
Fine Striped Sweat Bee,Agapostemon subtilior,Striped Sweat Bees
Fine-Ribbed Striate Snail,Striatura milium,Terrestrial Snails
Fine-Ridged Elimia,Elimia semicarinata,Freshwater Snails
Finerayed Pigtoe,Fusconaia cuneolus,Freshwater Mussels
Finley'S Cave Amphipod,Stygobromus finleyi,Amphipods
Firefly,Pyractomena similis,Fireflies and Glow-worms
Fish Crow,Corvus ossifragus,Birds
Fisher,Pekania pennanti,Mammals
Fiske'S Microcaddisfly,Hydroptila fiskei,Caddisflies
Five-Spotted Hawk Moth,Manduca quinquemaculatus,Sphinx Moths
Five-Tooth Vertigo Snail,Vertigo ventricosa,Terrestrial Snails
Flamed Tigersnail,Anguispira alternata,Terrestrial Snails
Flannel Moth,Norape cretata,Other Moths
Flapped Cleft-Footed Minnow Mayfly,Siphloplecton basale,Mayflies
Flat Bark Beetle,Hemipeplus microphthalmus,Other Beetles
Flat Bladetooth Snail,Patera appressa,Terrestrial Snails
Flat Bullhead,Ameiurus platycephalus,"Fishes - Freshwater and Anadromous Bony, Cartilaginous; Lampreys"
Flat Button,Mesomphix subplanus,Terrestrial Snails
Flat Dome Snail,Ventridens suppressus,Terrestrial Snails
Flat-Headed Mayfly,Heptagenia dolosa,Mayflies
Flat-Headed Salamander,Desmognathus planiceps,Amphibians
Flat-Horned Ground Beetle,Helluomorphoides nigripennis,Ground Beetles
Flathead Catfish,Pylodictis olivaris,"Fishes - Freshwater and Anadromous Bony, Cartilaginous; Lampreys"
Flavid Cuckoo Bumble Bee,Bombus flavidus,Bumble Bees
Flecked Northern Caddisfly,Pycnopsyche guttifera,Caddisflies
Flexed Gyro,Gyraulus deflectus,Freshwater Snails
Flier,Centrarchus macropterus,"Fishes - Freshwater and Anadromous Bony, Cartilaginous; Lampreys"
Flightless Darkling Beetle,Helops sulcipennis,Other Beetles
Floridcernotinan Caddisfly,Cernotina truncona,Caddisflies
Floridcrangonyctid,Crangonyx floridanus,Amphipods
Floridian Finger-Net Caddisfly,Chimarra florida,Caddisflies
Flower Beetle,Pseudotolida syphaxi,Other Beetles
Fluted Kidneyshell,Ptychobranchus subtentus,Freshwater Mussels
Flutedshell,Lasmigona costata,Freshwater Mussels
Foolish Net-Spinning Caddisfly,Hydropsyche morosa,Caddisflies
Footed Microcaddisfly,Ochrotrichia tarsalis,Caddisflies
Forced Microcaddisfly,Oxyethira coercens,Caddisflies
Forceps Microcaddisfly,Oxyethira forcipata,Caddisflies
Foremost Northern Caddisfly,Pycnopsyche antica,Caddisflies
Forest Disc Snail,Discus whitneyi,Terrestrial Snails
Forest Tent Caterpillar Moth,Malacosoma disstria,Other Moths
Forkshell,Epioblasma lewisii,Freshwater Mussels
Forster'S Tern,Sterna forsteri,Birds
Foster Mantleslug,Pallifera fosteri,Terrestrial Snails
Four-Lined Chocolate Moth,Argyrostrotis quadrifilaris,Other Moths
Four-Lined Cream Moth,Cabera quadrifasciaria,Other Moths
Four-Spotted Pennant,Brachymesia gravida,Dragonflies and Damselflies
Four-Toed Salamander,Hemidactylium scutatum,Amphibians
Fourspine Stickleback,Apeltes quadracus,"Fishes - Freshwater and Anadromous Bony, Cartilaginous; Lampreys"
Fowler'S Toad,Anaxyrus fowleri,Amphibians
Fox Sparrow,Passerella iliaca,Birds
Fragile Ancylid,Ferrissia californica,Freshwater Snails
Fragile Flat-Headed Mayfly,Epeorus fragilis,Mayflies
Fragile Papershell,Potamilus fragilis,Freshwater Mussels
Fragile Prong-Gilled Mayfly,Paraleptophlebia debilis,Mayflies
Fragile Small Minnow Mayfly,Procloeon fragile,Mayflies
Franck'S Sphinx,Sphinx franckii,Sphinx Moths
Franclemont'S Cane Moth,Franclemontia interrogans,Other Moths
Franclemont'S Net-Spinning Caddisfly,Hydropsyche franclemonti,Caddisflies
Freckled Stone,Perlesta placida,Stoneflies
Free-Living Caddisfly,Rhyacophila mycta,Caddisflies
Fresh Flat-Headed Mayfly,Maccaffertium meririvulanum,Mayflies
Freshwater Amphipod,Crangonyx acicularis,Amphipods
Freshwater Drum,Aplodinotus grunniens,"Fishes - Freshwater and Anadromous Bony, Cartilaginous; Lampreys"
Friendly Mason Bee,Osmia proxima,Mason Bees
Friendly Probole Moth,Probole amicaria,Other Moths
Friendly Small Square-Gilled Mayfly,Caenis amica,Mayflies
Frigid Leafcutter Bee,Megachile frigida,Leafcutter Bees
Fringed Loosestrife Oil-Collecting Bee,Macropis ciliata,Oil-collecting Bees
Frison'S Serratellan Mayfly,Serratella frisoni,Mayflies
Frogtown Springfly,Yugus kirchneri,Stoneflies
Frontal Mortarjoint Caddisfly,Psilotreta frontalis,Caddisflies
Frosted Elfin,Callophrys irus,Butterflies and Skippers
Fumose Forestfly,Zapada fumosa,Stoneflies
Funerary Dagger Moth,Acronicta funeralis,Other Moths
Funnel Supercoil,Paravitrea mira,Terrestrial Snails
Furrowed Glyph Snail,Glyphyalinia luticola,Terrestrial Snails
Gadwall,Mareca strepera,Birds
Gammon'S Stenelmis Riffle Beetle,Stenelmis gammoni,Other Beetles
Gap Cave Isopod,Lirceus zigleri,Isopods
Garden Cave Beetle,Pseudanophthalmus hortulanus,Ground Beetles
Gemmed Satyr,Cyllopsis gemma,Butterflies and Skippers
Gentle Bizarre Caddisfly,Lepidostoma modestum,Caddisflies
Gentle Net-Spinning Caddisfly,Diplectrona modesta,Caddisflies
Geometrid Moth,Homochlodes fritillaria,Other Moths
George'S Midget Moth,Elaphria georgei,Other Moths
Georgian Prominent,Paraeschra georgica,Notodontid Moths
Georgibrush-Legged Mayfly,Isonychia georgiae,Mayflies
Georgimason Bee,Osmia georgica,Mason Bees
Georgisatyr,Neonympha areolatus,Butterflies and Skippers
German Cousin Moth,Sideridis congermana,Other Moths
Ghost Tiger Beetle,Ellipsoptera lepida,Tiger Beetles
Giant Floater,Pyganodon grandis,Freshwater Mussels
Giant Gardenslug,Limax maximus,Terrestrial Snails
Giant Gray Moth,Cymatophora approximaria,Other Moths
Giant Leafcutter Bee,Megachile sculpturalis,Leafcutter Bees
Giant Northern Peaclam,Pisidium idahoense,Other Molluscs
Giant Stone,Attaneuria ruralis,Stoneflies
Giant Swallowtail,Heraclides cresphontes,Butterflies and Skippers
Gildersleeve'S Stenacron Mayfly,Stenacron gildersleevei,Mayflies
Gilt Darter,Percina evides,"Fishes - Freshwater and Anadromous Bony, Cartilaginous; Lampreys"
Girlfriend Underwing,Catocala amica,Underwing Moths
Gizzard Shad,Dorosoma cepedianum,"Fishes - Freshwater and Anadromous Bony, Cartilaginous; Lampreys"
Glade Paectes Moth,Paectes abrostolella,Other Moths
Glass Spot Snail,Punctum vitreum,Terrestrial Snails
Glassy Darter,Etheostoma vitreum,"Fishes - Freshwater and Anadromous Bony, Cartilaginous; Lampreys"
Glassy Flat-Headed Mayfly,Epeorus vitreus,Mayflies
Glassy Grapeskin,Vitrinizonites latissimus,Terrestrial Snails
Glaucous Gull,Larus hyperboreus,Birds
Globose Dome Snail,Ventridens ligera,Terrestrial Snails
Gloomy-Winged Northern Caddisfly,Pycnopsyche scabripennis,Caddisflies
Glossy Covert,Fumonelix christyi,Terrestrial Snails
Glossy Dome,Ventridens acerra,Terrestrial Snails
Glossy Ibis,Plegadis falcinellus,Birds
Glossy Physa,Physella pomilia,Freshwater Snails
Glossy Pillar Snail,Cochlicopa lubrica,Terrestrial Snails
Glossy Supercoil,Paravitrea placentula,Terrestrial Snails
Glossy Swampsnake,Liodytes rigida,Reptiles
Goatweed Leafwing,Anaea andria,Butterflies and Skippers
Gold-Spotted Ghost Moth,Sthenopis pretiosus,Other Moths
Golden Ambersnail,Succinea wilsoni,Terrestrial Snails
Golden Darter,Nothonotus denoncourti,"Fishes - Freshwater and Anadromous Bony, Cartilaginous; Lampreys"
Golden Dome,Ventridens arcellus,Terrestrial Snails
Golden Eagle,Aquila chrysaetos,Birds
Golden Fossaria,Galba obrussa,Freshwater Snails
Golden Mouse,Ochrotomys nuttalli,Mammals
Golden Redhorse,Moxostoma erythrurum,"Fishes - Freshwater and Anadromous Bony, Cartilaginous; Lampreys"
Golden Riffleshell,Epioblasma aureola,Freshwater Mussels
Golden Shiner,Notemigonus crysoleucas,"Fishes - Freshwater and Anadromous Bony, Cartilaginous; Lampreys"
Golden-Banded Skipper,Telegonus cellus,Butterflies and Skippers
Golden-Crowned Kinglet,Regulus satrapa,Birds
Golden-Winged Warbler,Vermivora chrysoptera,Birds
Goldfish,Carassius auratus,"Fishes - Freshwater and Anadromous Bony, Cartilaginous; Lampreys"
Graceful Fossaria,Galba exigua,Freshwater Snails
Graceful Underwing,Catocala gracilis,Underwing Moths
Grand Arches Moth,Lacanobia grandis,Other Moths
Grand Globe,Mesodon normalis,Terrestrial Snails
Grand Prong-Gilled Mayfly,Leptophlebia intermedia,Mayflies
Granite Moth,Macaria granitata,Other Moths
Granitosfern Moth,Callopistria granitosa,Other Moths
Graphic Moth,Drasteria graphica,Other Moths
Grass Carp,Ctenopharyngodon idella,"Fishes - Freshwater and Anadromous Bony, Cartilaginous; Lampreys"
Grass Skipper,Atalopedes huron,Butterflies and Skippers
Grasshopper Sparrow,Ammodramus savannarum,Birds
Grassroot Beetle,Brathinus nitidus,Other Beetles
Gravel Elimia,Elimia catenaria,Freshwater Snails
Gray Catbird,Dumetella carolinensis,Birds
Gray Comma,Polygonia progne,Butterflies and Skippers
Gray Fox,Urocyon cinereoargenteus,Mammals
Gray Furculmoth,Furcula cinerea,Notodontid Moths
Gray Hairstreak,Strymon melinus,Butterflies and Skippers
Gray Myotis,Myotis grisescens,Mammals
Gray Sallow Moth,Psaphida grandis,Other Moths
Gray Spring Zale,Zale submediana,Other Moths
Gray Treefrog,Dryophytes versicolor,Amphibians
Gray Wolf,Canis lupus,Mammals
Gray-Cheeked Thrush,Catharus minimus,Birds
Gray-Foot Lancetooth Snail,Haplotrema concavum,Terrestrial Snails
Gray-Green Clubtail,Arigomphus pallidus,Dragonflies and Damselflies
Gray-Hooded Owlet Moth,Cucullia florea,Other Moths
Gray-Patched Prominent,Dasylophia thyatiroides,Notodontid Moths
Grayson Crayfish Ostracod,Ascetocythere cosmeta,Other Crustaceans
Great Ash Sphinx Moth,Sphinx chersis,Sphinx Moths
Great Black-Backed Gull,Larus marinus,Birds
Great Blue Heron,Ardea herodias,Birds
Great Cormorant,Phalacrocorax carbo,Birds
Great Crested Flycatcher,Myiarchus crinitus,Birds
Great Egret,Ardea alba,Birds
Great Horned Owl,Bubo virginianus,Birds
Great Lakes Armored Mayfly,Baetisca lacustris,Mayflies
Great Lakes Springfly,Cultus decisus,Stoneflies
Great Purple Hairstreak,Atlides halesus,Butterflies and Skippers
Great Shearwater,Ardenna gravis,Birds
Great Skua,Stercorarius skua,Birds
Great Spangled Fritillary,Argynnis cybele,Butterflies and Skippers
Great Spreadwing,Archilestes grandis,Dragonflies and Damselflies
Great Tiger Moth,Arctia caja,Tiger Moths
Greater Black-Lettered Dart,Xestia dolosa,Other Moths
Greater Eastern Peaclam,Pisidium dubium,Other Molluscs
Greater Idimoth,Idia majoralis,Other Moths
Greater Scaup,Aythya marila,Birds
Greater Siren,Siren lacertina,Amphibians
Greater White-Fronted Goose,Anser albifrons,Birds
Greater Yellowlegs,Tringa melanoleuca,Birds
Greedy Long-Horned Caddisfly,Oecetis avara,Caddisflies
Green Arches Moth,Anaplectoides prasina,Other Moths
Green Blossom,Epioblasma gubernaculum,Freshwater Mussels
Green Cloverworm Moth,Hypena scabra,Other Moths
Green Comma,Polygonia faunus,Butterflies and Skippers
Green Floater,Lasmigona subviridis,Freshwater Mussels
Green Frog,Lithobates clamitans,Amphibians
Green Gloss,Zonitoides elliotti,Terrestrial Snails
Green Heron,Butorides virescens,Birds
Green Pitcher Plant Moth,Exyra ridingsii,Other Moths
Green Salamander,Aneides aeneus,Amphibians
Green Seturtle,Chelonia mydas,Turtles
Green Sunfish,Lepomis cyanellus,"Fishes - Freshwater and Anadromous Bony, Cartilaginous; Lampreys"
Green Treefrog,Dryophytes cinereus,Amphibians
Green-Patched Looper Moth,Diachrysia balluca,Other Moths
Green-Striped Darner,Aeshna verticalis,Dragonflies and Damselflies
Green-Winged Teal,Anas crecca,Birds
Greenfin Darter,Nothonotus chlorobranchius,"Fishes - Freshwater and Anadromous Bony, Cartilaginous; Lampreys"
Greenhouse Slug,Milax gagates,Terrestrial Snails
Greenside Darter,Etheostoma blennioides,"Fishes - Freshwater and Anadromous Bony, Cartilaginous; Lampreys"
Grey Bizarre Caddisfly,Lepidostoma griseum,Caddisflies
Grey Bush-Tailed Caddisfly,Agarodes griseus,Caddisflies
Grey Microcaddisfly,Oxyethira grisea,Caddisflies
Grey Trumpet-Net Caddisfly,Plectrocnemia cinerea,Caddisflies
Grim Free-Living Caddisfly,Rhyacophila torva,Caddisflies
Grooved Fingernailclam,Sphaerium simile,Other Molluscs
Grote'S Black-Tipped Quaker,Dichagyris grotei,Other Moths
Ground Beetle,Chlaenius augustus,Ground Beetles
Grovesnail,Cepaea nemoralis,Terrestrial Snails
Gull-Billed Tern,Gelochelidon nilotica,Birds
Habilis Underwing,Catocala habilis,Underwing Moths
Hackberry Emperor,Asterocampa celtis,Butterflies and Skippers
Hagen'S Net-Spinning Caddisfly,Hydropsyche hageni,Caddisflies
Hagen'S Small Minnow Mayfly,Diphetor hageni,Mayflies
Hairy Flower Scarab,Trichiotinus affinis,Hairy Flower Scarabs
Hairy Minute Rove Beetle,Trichiusa hirsuta,Other Beetles
Hairy Prong-Gilled Mayfly,Paraleptophlebia volitans,Mayflies
Hairy Slitmouth Snail,Stenotrema hirsutum,Terrestrial Snails
Hairy Woodpecker,Dryobates villosus,Birds
Hairy-Necked Tiger Beetle,Cicindela hirticollis,Tiger Beetles
Hairy-Tailed Mole,Parascalops breweri,Mammals
Half-Black Bumble Bee,Bombus vagans,Bumble Bees
Half-Girdled Giant Caddisfly,Ptilostomis semifasciata,Caddisflies
Halloween Pennant,Celithemis eponina,Dragonflies and Damselflies
Handy Microcaddisfly,Stactobiella palmata,Caddisflies
Hanging Rock Threetooth,Triodopsis pendula,Terrestrial Snails
Harbor Porpoise,Phocoena phocoena,Mammals
Harelip Sucker,Moxostoma lacerum,"Fishes - Freshwater and Anadromous Bony, Cartilaginous; Lampreys"
Harlequin Duck,Histrionicus histrionicus,Birds
Harnessed Tiger Moth,Apantesis phalerata,Tiger Moths
Harping Northern Caddisfly,Ironoquia lyrata,Caddisflies
Harris'S Checkerspot,Chlosyne harrisii,Butterflies and Skippers
Harvester,Feniseca tarquinius,Butterflies and Skippers
Harwood'S Net-Spinning Caddisfly,Cheumatopsyche harwoodi,Caddisflies
Hawthorn Underwing,Catocala crataegi,Underwing Moths
Hayhurst'S Scallopwing,Staphylus hayhurstii,Butterflies and Skippers
Hebard'S Noctuid Moth,Psectrotarsia hebardi,Other Moths
Hebe'S Flat-Headed Mayfly,Leucrocuta hebe,Mayflies
Hebrew Moth,Polygrammate hebraeicum,Other Moths
Helictsatyr,Neonympha helicta,Butterflies and Skippers
Hellbender,Cryptobranchus alleganiensis,Amphibians
Hendrickson'S Spiny Crawler Mayfly,Ephemerella subvaria,Mayflies
Henrot'S Cave Isopod,Pseudobaicalasellus henroti,Isopods
Henry'S Elfin,Callophrys henrici,Butterflies and Skippers
Henscomb Hydrobe,Littoridinops tenuipes,Freshwater Snails
Henslow'S Sparrow,Centronyx henslowii,Birds
Hermit Sphinx Moth,Lintneria eremitus,Sphinx Moths
Hermit Thrush,Catharus guttatus,Birds
Herodias Underwing,Catocala herodias,Underwing Moths
Herrington Fingernailclam,Sphaerium occidentale,Other Molluscs
Hesitandagger Moth,Acronicta modica,Other Moths
Hess'S Saddlecase Caddisfly,Agapetus hessi,Caddisflies
Hessel'S Hairstreak,Callophrys hesseli,Butterflies and Skippers
Hibiscus Bee Or Rose-Mallow Bee,Ptilothrix bombiformis,Chimney Bees (in part)
Hickory Hairstreak,Satyrium caryaevorus,Butterflies and Skippers
Hickory Shad,Alosa mediocris,"Fishes - Freshwater and Anadromous Bony, Cartilaginous; Lampreys"
High-Spire Column Snail,Columella simplex,Terrestrial Snails
Highback Chub,Hybopsis hypsinotus,"Fishes - Freshwater and Anadromous Bony, Cartilaginous; Lampreys"
Highfin Shiner,Hudsonius altipinnis,"Fishes - Freshwater and Anadromous Bony, Cartilaginous; Lampreys"
Highland Shiner,Notropis micropteryx,"Fishes - Freshwater and Anadromous Bony, Cartilaginous; Lampreys"
Highland Slitmouth,Stenotrema altispira,Terrestrial Snails
Highlands Springfly,Yugus arinus,Stoneflies
Hill Glyph,Glyphyalinia cumberlandiana,Terrestrial Snails
Hills Leafcutter Bee,Megachile montivaga,Leafcutter Bees
Hispid Cotton Rat,Sigmodon hispidus,Mammals
Hoary Edge,Thorybes lyciades,Butterflies and Skippers
Hoary Elfin,Callophrys polios,Butterflies and Skippers
Hoary Humpless Caddisfly,Brachycentrus incanus,Caddisflies
Hoary Leaf-Cutter Bee,Megachile pruina,Leafcutter Bees
Hobbs'S Small Minnow Mayfly,Procloeon rufostrigatum,Mayflies
Hobomok Skipper,Lon hobomok,Butterflies and Skippers
Hoffman'S Cave Beetle,Pseudanophthalmus hoffmani,Ground Beetles
Hoffman'S Isonychimayfly,Isonychia hoffmani,Mayflies
Hogchoker,Trinectes maculatus,"Fishes - Freshwater and Anadromous Bony, Cartilaginous; Lampreys"
Hollow Dome,Ventridens lasmodon,Terrestrial Snails
Hollow Free-Living Caddisfly,Rhyacophila parantra,Caddisflies
Hollow-Spotted Plagodis Moth,Plagodis alcoolaria,Other Moths
Holly Sallow,Metaxaglaea violacea,Other Moths
Holsinger'S Cave Beetle,Pseudanophthalmus holsingeri,Ground Beetles
Holsinger'S Cave Isopod,Pseudobaicalasellus holsingeri,Isopods
Holston Sallfly,Sweltsa holstonensis,Stoneflies
Honey Vertigo Snail,Vertigo tridentata,Terrestrial Snails
Honeysuckle Willowfly,Taeniopteryx lonicera,Stoneflies
Hooded Merganser,Lophodytes cucullatus,Birds
Hooded Warbler,Setophaga citrina,Birds
Hooked Silver Y Moth,Syngrapha alias,Other Moths
Hooked Willowfly,Taeniopteryx parvula,Stoneflies
Horace'S Duskywing,Erynnis horatius,Butterflies and Skippers
Horn'S Round Fungus Beetle,Nemadus hornii,Other Beetles
Horned Grebe,Podiceps auritus,Birds
Horned Lark,Eremophila alpestris,Birds
Hornfaced Bee,Osmia cornifrons,Mason Bees
Hornless Spiny Crawler Mayfly,Drunella lata,Mayflies
Horse,Equus caballus,Mammals
Hostile Leaf-Cutter Bee,Megachile inimica,Leafcutter Bees
House Finch,Haemorhous mexicanus,Birds
House Mouse,Mus musculus,Mammals
House Sparrow,Passer domesticus,Birds
Howden'S Copris,Copris howdeni,Other Beetles
Hubbard'S Cave Beetle,Pseudanophthalmus hubbardi,Ground Beetles
Hubbard'S Hourglass Beetle,Horologion hubbardi,Ground Beetles
Hubricht'S Cave Beetle,Pseudanophthalmus hubrichti,Ground Beetles
Huckleberry Sphinx,Paonias astylus,Sphinx Moths
Hudsonian Godwit,Limosa haemastica,Birds
Hummingbird Clearwing,Hemaris thysbe,Sphinx Moths
Humpback Dung Beetle,Deltochilum gibbosum,Other Beetles
Humpback Whale,Megaptera novaeangliae,Mammals
Humpless Casemaker Caddisfly,Brachycentrus nigrosoma,Caddisflies
Hupp'S Hill Cave Amphipod,Stygobromus hubbardi,Amphipods
Hupp'S Hill Cave Beetle,Pseudanophthalmus parvicollis,Ground Beetles
Hydrangesphinx,Darapsa versicolor,Sphinx Moths
Hydropsychid Caddisfly,Arctopsyche irrorata,Caddisflies
Ice Thorn Snail,Carychium exile,Terrestrial Snails
Iceland Gull,Larus glaucoides,Birds
Ignited Firefly,Photinus ignitus,Fireflies and Glow-worms
Ignorant Apamemoth,Apamea indocilis,Other Moths
Iliunderwing Moth,Catocala ilia,Underwing Moths
Illinois Snowfly,Allocapnia illinoensis,Stoneflies
Illinois Stone,Acroneuria filicis,Stoneflies
Immaculate Holomelinmoth,Virbia immaculata,Tiger Moths
Imperforate Glyph,Glyphyalinia solida,Terrestrial Snails
Imperial Moth,Eacles imperialis,Giant Silkworm and Royal Moths
Implicit Arches Moth,Lacinipolia implicata,Other Moths
Improper Net-Spinning Caddisfly,Hydropsyche incommoda,Caddisflies
Inconsolable Underwing,Catocala insolabilis,Underwing Moths
Inconspicuous Long-Horned Caddisfly,Oecetis inconspicua,Caddisflies
Incurved Cave Isopod,Pseudobaicalasellus incurvus,Isopods
Indian Skipper,Hesperia sassacus,Butterflies and Skippers
Indianmyotis,Myotis sodalis,Mammals
Indigo Bunting,Passerina cyanea,Birds
Indistinct Finger-Net Caddisfly,Chimarra obscura,Caddisflies
Inimical Northern Caddisfly,Nemotaulius hostilis,Caddisflies
Inland Silverside,Menidia beryllina,"Fishes - Freshwater and Anadromous Bony, Cartilaginous; Lampreys"
Inland Slitmouth,Stenotrema stenotrema,Terrestrial Snails
Intermediate Saddle-Case Caddisfly,Glossosoma intermedium,Caddisflies
Intermediate Siren,Siren intermedia,Amphibians
Intrepid Forestfly,Shipsa rotunda,Stoneflies
Io Moth,Automeris io,Giant Silkworm and Royal Moths
Ironcolor Shiner,Alburnops chalybaeus,"Fishes - Freshwater and Anadromous Bony, Cartilaginous; Lampreys"
Ironweed Borer Moth,Papaipema cerussata,Papaipema Moths
Iroquois Vallonisnail,Vallonia excentrica,Terrestrial Snails
Isabelltiger Moth,Pyrrharctia isabella,Tiger Moths
Ithacflat-Headed Mayfly,Maccaffertium ithaca,Mayflies
Jackman'S Microcaddisfly,Hydroptila jackmanni,Caddisflies
James Cave Amphipod,Stygobromus abditus,Amphipods
James Spinymussel,Parvaspina collina,Freshwater Mussels
Jane'S Stripetail,Diploperla janeae,Stoneflies
Jefferson Salamander,Ambystoma jeffersonianum,Amphibians
Johnny Darter,Etheostoma nigrum,"Fishes - Freshwater and Anadromous Bony, Cartilaginous; Lampreys"
Johnson'S Prong-Gilled Mayfly,Leptophlebia johnsoni,Mayflies
Joyful Holomelinmoth,Virbia laeta,Tiger Moths
Judith'S Underwing,Catocala judith,Underwing Moths
July Comets,Photuris lucicrescens,Fireflies and Glow-worms
Juniper Hairstreak,Callophrys gryneus,Butterflies and Skippers
Juvenal'S Duskywing,Erynnis juvenalis,Butterflies and Skippers
Kanawhblack-Bellied Salamander,Desmognathus kanawha,Amphibians
Kanawhdarter,Etheostoma kanawhae,"Fishes - Freshwater and Anadromous Bony, Cartilaginous; Lampreys"
Kanawhminnow,Phenacobius teretulus,"Fishes - Freshwater and Anadromous Bony, Cartilaginous; Lampreys"
Kanawhole Springfly,Diploperla kanawholensis,Stoneflies
Kanawhsculpin,Cottus kanawhae,"Fishes - Freshwater and Anadromous Bony, Cartilaginous; Lampreys"
Kemp'S Ridley Seturtle,Lepidochelys kempii,Turtles
Kentucky Lichen Moth,Cisthene kentuckiensis,Tiger Moths
Kentucky Warbler,Geothlypis formosa,Birds
Kidneyshell,Ptychobranchus fasciolaris,Freshwater Mussels
Killdeer,Charadrius vociferus,Birds
King Eider,Somateria spectabilis,Birds
King Rail,Rallus elegans,Birds
King'S Hairstreak,Satyrium kingi,Butterflies and Skippers
Kirtland'S Warbler,Setophaga kirtlandii,Birds
Knee-Joint Dart Moth,Feltia geniculata,Other Moths
Knobbed Salmonfly,Pteronarcys biloba,Stoneflies
Labrador Carpet Moth,Xanthorhoe labradorensis,Other Moths
Lace-Winged Roadside-Skipper,Amblyscirtes aesculapius,Butterflies and Skippers
Ladder Net-Spinning Caddisfly,Hydropsyche scalaris,Caddisflies
Lake Chubsucker,Erimyzon sucetta,"Fishes - Freshwater and Anadromous Bony, Cartilaginous; Lampreys"
Lake Fingernailclam,Musculium lacustre,Other Molluscs
Lambdsnaggletooth Snail,Gastrocopta holzingeri,Terrestrial Snails
Lamellate Spot,Punctum smithi,Terrestrial Snails
Lamellate Supercoil,Paravitrea lamellidens,Terrestrial Snails
Lance Aplexa,Sibirenauta elongata,Freshwater Snails
Lance-Tipped Darner,Aeshna constricta,Dragonflies and Damselflies
Lane Cave Isopod,Lirceus bisetus,Isopods
Lapland Longspur,Calcarius lapponicus,Birds
Lapped Elimia,Elimia dislocata,Freshwater Snails
Laprairie Small Minnow Mayfly,Labiobaetis frondalis,Mayflies
Large Bomolochmoth,Hypena edictalis,Other Moths
Large Grey Pinion Moth,Lithophane georgii,Other Moths
Large Looper Moth,Autographa ampla,Other Moths
Large Maple Spanworm Moth,Prochoerodes lineola,Other Moths
Large Paectes Moth,Paectes abrostoloides,Other Moths
Large Square-Gilled Mayfly,Neoephemera eatoni,Mayflies
Large Squash Bee,Xenoglossa strenua,Squash Bees
Largemouth Bass,Micropterus nigricans,"Fishes - Freshwater and Anadromous Bony, Cartilaginous; Lampreys"
Largescale Stoneroller,Campostoma oligolepis,"Fishes - Freshwater and Anadromous Bony, Cartilaginous; Lampreys"
Lark Sparrow,Chondestes grammacus,Birds
Lash Springfly,Remenus bilobatus,Stoneflies
Late Hex Burrowing Mayfly,Hexagenia atrocaudata,Mayflies
Late Long-Horned Caddisfly,Triaenodes tardus,Caddisflies
Laughing Giant Caddisfly,Banksiola dossuaria,Caddisflies
Laughing Gull,Leucophaeus atricilla,Birds
Leach'S Storm-Petrel,Hydrobates leucorhous,Birds
Lead-Colored Lichen Moth,Cisthene plumbea,Tiger Moths
Leaf Beetle,Pseudolampsis guttata,Other Beetles
Leaf-Cutter Bee,Megachile pusilla,Leafcutter Bees
Leafcutter Bee,Megachile exilis,Leafcutter Bees
Least Bittern,Botaurus exilis,Birds
Least Brook Lamprey,Lampetra aepyptera,"Fishes - Freshwater and Anadromous Bony, Cartilaginous; Lampreys"
Least Flycatcher,Empidonax minimus,Birds
Least Sallfly,Haploperla brevis,Stoneflies
Least Sandpiper,Calidris minutilla,Birds
Least Tern,Sternula antillarum,Birds
Least Weasel,Mustela nivalis,Mammals
Leatherback Seturtle,Dermochelys coriacea,Turtles
Leathery Cutinmoth,Cutina aluticolor,Other Moths
Leconte'S Haplomoth,Haploa lecontei,Tiger Moths
Lee County Cave Amphipod,Stygobromus leensis,Amphipods
Lee County Cave Isopod,Lirceus usdagalun,Isopods
Lemmer'S Noctuid Moth,Lithophane lemmeri,Other Moths
Lemon Cuckoo Bumble Bee,Bombus citrinus,Bumble Bees
Leonard'S Net-Spinning Caddisfly,Hydropsyche leonardi,Caddisflies
Leonard'S Skipper,Hesperia leonardus,Butterflies and Skippers
Lepidostomatid Caddisfly,Lepidostoma carrolli,Caddisflies
Leptophlebiid Mayfly,Habrophlebiodes celeteria,Mayflies
Lesser Black-Backed Gull,Larus fuscus,Birds
Lesser Grapevine Looper Moth,Eulithis diversilineata,Other Moths
Lesser Scaup,Aythya affinis,Birds
Lesser Yellowlegs,Tringa flavipes,Birds
Lettered Sphinx,Deidamia inscriptum,Sphinx Moths
Lewis' Groundwater Isopod,Conasellus meriwetheri,Isopods
Liar Long-Horned Caddisfly,Ceraclea mentiea,Caddisflies
Lichen Moth,Crambidia xanthocorpa,Tiger Moths
Light Marathyssmoth,Marathyssa basalis,Other Moths
Lilypad Clubtail,Arigomphus furcifer,Dragonflies and Damselflies
Limnephilid Caddisfly,Anabolia apora,Caddisflies
Lincoln'S Sparrow,Melospiza lincolnii,Birds
Linden Prominent,Ellida caniplaga,Notodontid Moths
Lined Black Aspen,Egira dolosa,Other Moths
Lined Topminnow,Fundulus lineolatus,"Fishes - Freshwater and Anadromous Bony, Cartilaginous; Lampreys"
Little Black Forestfly,Amphinemura nigritta,Stoneflies
Little Black Spiny Crawler Mayfly,Teloganopsis deficiens,Mayflies
Little Blue Heron,Egretta caerulea,Birds
Little Brown Myotis,Myotis lucifugus,Mammals
Little Brown Skink,Scincella lateralis,Reptiles
Little Copper,Lycaena hypophlaeas,Butterflies and Skippers
Little Glassywing,Vernia verna,Butterflies and Skippers
Little Grass Frog,Pseudacris ocularis,Amphibians
Little Gray Firefly,Photinus marginellus,Fireflies and Glow-worms
Little Gull,Hydrocoloeus minutus,Birds
Little Kennedy Cave Beetle,Pseudanophthalmus cordicollis,Ground Beetles
Little Lined Underwing,Catocala lineella,Underwing Moths
Little Metalmark,Calephelis virginiensis,Butterflies and Skippers
Little Nymph Underwing,Catocala micronympha,Underwing Moths
Little Sister Net-Spinning Caddisfly,Cheumatopsyche analis,Caddisflies
Little White Lichen Moth,Clemensia albata,Tiger Moths
Little Wood Satyr,Megisto cymela,Butterflies and Skippers
Little Yellow,Pyrisitia lisa,Butterflies and Skippers
Little Yellow-Face Bee,Hylaeus pictipes,Other Bees
Little-Entrance Oxyethiran Microcaddisfly,Oxyethira janella,Caddisflies
Littlewing Pearlymussel,Pegias fabula,Freshwater Mussels
Litton Cave Isopod,Lirceus littonensis,Isopods
Live Oak Metrimoth,Metria amella,Other Moths
Lobed Roachfly,Tallaperla lobata,Stoneflies
Lobed Stone,Acroneuria internata,Stoneflies
Lofty Microcaddisfly,Palaeagapetus celsus,Caddisflies
Loggerhead Seturtle,Caretta caretta,Turtles
Loggerhead Shrike,Lanius ludovicianus,Birds
Logperch,Percina caprodes,"Fishes - Freshwater and Anadromous Bony, Cartilaginous; Lampreys"
Long Dash,Polites mystic,Butterflies and Skippers
Long Fingernailclam,Musculium transversum,Other Molluscs
Long-Billed Dowitcher,Limnodromus scolopaceus,Birds
Long-Eared Owl,Asio otus,Birds
Long-Headed Cave Beetle,Pseudanophthalmus longiceps,Ground Beetles
Long-Range Firefly Beetle,Pyractomena dispersa,Fireflies and Glow-worms
Long-Tailed Duck,Clangula hyemalis,Birds
Long-Tailed Jaeger,Stercorarius longicaudus,Birds
Long-Tailed Shrew,Sorex dispar,Mammals
Long-Tailed Weasel,Neogale frenata,Mammals
Longear Sunfish,Lepomis megalotis,"Fishes - Freshwater and Anadromous Bony, Cartilaginous; Lampreys"
Longfin Darter,Etheostoma longimanum,"Fishes - Freshwater and Anadromous Bony, Cartilaginous; Lampreys"
Longhorn Forestfly,Prostoia similis,Stoneflies
Longhorned Beetle,Anthophylax hoffmani,Flower Longhorn Beetles
Longhorned Caddisfly,Ceraclea neffi,Caddisflies
Longhorned Casemaker Caddisfly,Triaenodes ochraceus,Caddisflies
Longnose Crayfish,Cambarus longirostris,Crayfishes
Longnose Dace,Rhinichthys cataractae,"Fishes - Freshwater and Anadromous Bony, Cartilaginous; Lampreys"
Longnose Gar,Lepisosteus osseus,"Fishes - Freshwater and Anadromous Bony, Cartilaginous; Lampreys"
Longsolid,Fusconaia subrotunda,Freshwater Mussels
Longtail Salamander,Eurycea longicauda,Amphibians
Loosestrife Borer Moth,Papaipema lysimachiae,Papaipema Moths
Lost Microcaddisfly,Hydroptila perdita,Caddisflies
Louisianowlet Moth,Macrochilo louisiana,Other Moths
Louisianwaterthrush,Parkesia motacilla,Birds
Lovable Flat-Headed Mayfly,Rhithrogena amica,Mayflies
Lovely Vallonisnail,Vallonia pulchella,Terrestrial Snails
Lowland Pillsnail,Euchemotrema leaii,Terrestrial Snails
Lowlands Spiny Crawler Mayfly,Ephemerella excrucians,Mayflies
Lumber Stripetail,Isoperla fauschi,Stoneflies
Lunate Zale Moth,Zale lunata,Other Moths
Luray Caverns Amphipod,Stygobromus pseudospinosus,Amphipods
Lydibizarre Caddisfly,Lepidostoma lydia,Caddisflies
Mabee'S Salamander,Ambystoma mabeei,Amphibians
Macropis Cuckoo Bee,Epeoloides pilosula,Other Bees
Maculated Small Square-Gilled Mayfly,Sparbarus maculatus,Mayflies
Maddens Cave Beetle,Pseudanophthalmus limicola,Ground Beetles
Madison Cave Isopod,Antrolana lira,Isopods
Madison Cave Stygobromid,Stygobromus stegerorum,Amphipods
Magnolithreetooth,Triodopsis hopetonensis,Terrestrial Snails
Magnoliwarbler,Setophaga magnolia,Birds
Maiden Spring Cave Beetle,Pseudanophthalmus virginicus,Ground Beetles
Maine Blueberry Bee,Osmia atriventris,Mason Bees
Maine Free-Living Caddisfly,Rhyacophila mainensis,Caddisflies
Major Datana,Datana major,Notodontid Moths
Mallard,Anas platyrhynchos,Birds
Manassas Stone,Acroneuria flinti,Stoneflies
Manistee Free-Living Caddisfly,Rhyacophila manistee,Caddisflies
Manitobsmall Minnow Mayfly,Labiobaetis dardanus,Mayflies
Manx Shearwater,Puffinus puffinus,Birds
Many-Lined Carpet Moth,Anticlea multiferata,Other Moths
Many-Lined Salamander,Stereochilus marginatus,Amphibians
Maple Looper Moth,Parallelia bistriaris,Other Moths
Maple Prominent Moth,Cecrita guttivitta,Notodontid Moths
Marbled Carpet Moth,Dysstroma truncata,Other Moths
Marbled Godwit,Limosa fedoa,Birds
Marbled Salamander,Ambystoma opacum,Amphibians
Marbled Underwing,Catocala marmorata,Underwing Moths
March Flat-Headed Mayfly,Maccaffertium vicarium,Mayflies
Marginal Firefly,Pyractomena marginalis,Fireflies and Glow-worms
Margined Flat-Headed Mayfly,Heptagenia marginalis,Mayflies
Margined Madtom,Noturus insignis,"Fishes - Freshwater and Anadromous Bony, Cartilaginous; Lampreys"
Margined Tiger Beetle,Ellipsoptera marginata,Tiger Beetles
Marked Free-Living Caddisfly,Rhyacophila vibox,Caddisflies
Marked Noctuid,Tricholita notata,Other Moths
Maroonwing Moth,Sideridis maryx,Other Moths
Marsh Diver Firefly,Pyractomena palustris,Fireflies and Glow-worms
Marsh Fossaria,Galba humilis,Freshwater Snails
Marsh Imp Firefly,Pyractomena lucifera,Fireflies and Glow-worms
Marsh Killifish,Fundulus confluentus,"Fishes - Freshwater and Anadromous Bony, Cartilaginous; Lampreys"
Marsh Rabbit,Sylvilagus palustris,Mammals
Marsh Ramshorn,Planorbella trivolvis,Freshwater Snails
Marsh Rice Rat,Oryzomys palustris,Mammals
Marsh Wren,Cistothorus palustris,Birds
Martha'S Pennant,Celithemis martha,Dragonflies and Damselflies
Maryland Glyph,Glyphyalinia raderi,Terrestrial Snails
Mason Bee,Osmia chalybea,Mason Bees
Master'S Dart Moth,Feltia herilis,Other Moths
Maureen'S Hydraenan Minute Moss Beetle,Hydraena maureenae,Other Beetles
Maus' Cave Isopod,Pseudobaicalasellus mausi,Isopods
Mayapple Borer Moth,Papaipema rutila,Papaipema Moths
Mayfly,Acentrella nadineae,Mayflies
Maze Pinecone Snail,Strobilops labyrinthicus,Terrestrial Snails
Mccafferty'S Small Square-Gilled Mayfly,Caenis macafferti,Mayflies
Mcdunnough'S Small Minnow Mayfly,Acerpenna macdunnoughi,Mayflies
Mcdunnough'S Spiny Crawler Mayfly,Eurylophella macdunnoughi,Mayflies
Meadow Fritillary,Boloria bellona,Butterflies and Skippers
Meadow Jumping Mouse,Zapus hudsonius,Mammals
Meadow Rue Borer Moth,Papaipema unimoda,Papaipema Moths
Meadow Slug,Deroceras laeve,Terrestrial Snails
Meager Flat-Headed Mayfly,Maccaffertium exiguum,Mayflies
Median Striate,Striatura meridionalis,Terrestrial Snails
Mediterranean Gecko,Hemidactylus turcicus,Reptiles
Melittid Bee,Melitta melittoides,Blunt-horn Bees
Merlin,Falco columbarius,Birds
Merry Melipotis Moth,Melipotis jucunda,Other Moths
Messalinunderwing,Catocala messalina,Underwing Moths
Mexican Clam Shrimp,Cyzicus mexicanus,"Fairy, Clam, and Tadpole Shrimps"
Michigan Hex Burrowing Mayfly,Hexagenia limbata,Mayflies
Michigan Microcaddisfly,Oxyethira michiganensis,Caddisflies
Microcaddisfly,Stactobiella martynovi,Caddisflies
Microspotted Northern Caddisfly,Ironoquia punctatissima,Caddisflies
Mid-Atlantic Coast Leopard Frog,Lithobates kauffeldi,Amphibians
Midland Siltsnail,Cincinnatia integra,Freshwater Snails
Midwest Snowfly,Allocapnia rickeri,Stoneflies
Midwestern Flat-Headed Mayfly,Leucrocuta maculipennis,Mayflies
Midwestern Stone,Agnetina flavescens,Stoneflies
Midwestern Stripetail,Isoperla marlynia,Stoneflies
Milk River Small Minnow Mayfly,Iswaeon rubrolaterale,Mayflies
Milk Snail,Otala lactea,Terrestrial Snails
Mill Creek Springs Isopod,Lirceus katarinae,Isopods
Milne'S Looper Moth,Euchlaena milnei,Other Moths
Mimic Lymnaesnail,Pseudosuccinea columella,Freshwater Snails
Mimic Shiner,Paranotropis volucellus,"Fishes - Freshwater and Anadromous Bony, Cartilaginous; Lampreys"
Mimic Threetooth,Triodopsis fallax,Terrestrial Snails
Minerva'S Flat-Headed Mayfly,Leucrocuta minerva,Mayflies
Miniature Awlsnail,Subulina octona,Terrestrial Snails
Mining Bee,Protandrena abdominalis,Other Bees
Minute Gem Snail,Hawaiia minuscula,Terrestrial Snails
Mirandunderwing,Catocala miranda,Underwing Moths
Mirror Shiner,Paranotropis spectrunculus,"Fishes - Freshwater and Anadromous Bony, Cartilaginous; Lampreys"
Mississippi Kite,Ictinia mississippiensis,Birds
Mitchell Needlefly,Leuctra mitchellensis,Stoneflies
Mitchell'S Satyr,Neonympha mitchellii,Butterflies and Skippers
Mixed Dart Moth,Euxoa immixta,Other Moths
Mixed Long-Horned Caddisfly,Ceraclea diluta,Caddisflies
Mixed Trumpet-Net Caddisfly,Polycentropus confusus,Caddisflies
Modest Flat-Headed Mayfly,Maccaffertium modestum,Mayflies
Modest Northern Caddisfly,Ironoquia parvula,Caddisflies
Mole Salamander,Ambystoma talpoideum,Amphibians
Monarch,Danaus plexippus,Butterflies and Skippers
Monk Parakeet,Myiopsitta monachus,Birds
Montgomery County Cave Amphipod,Stygobromus fergusoni,Amphipods
Moraine Snowfly,Allocapnia mystica,Stoneflies
Morning-Glory Prominent Moth,Schizura ipomaeae,Notodontid Moths
Morrison'S Cave Amphipod,Stygobromus morrisoni,Amphipods
Morrison'S Sooty Dart Moth,Pseudohermonassa tenuicula,Other Moths
Mother Underwing Moth,Catocala parta,Underwing Moths
Mottled Duskywing,Erynnis martialis,Butterflies and Skippers
Mottled Euchlaenmoth,Euchlaena tigrinaria,Other Moths
Mottled Prominent,Macrurocampa marthesia,Notodontid Moths
Mottled Sculpin,Cottus bairdii,"Fishes - Freshwater and Anadromous Bony, Cartilaginous; Lampreys"
Mottled Willowfly,Strophopteryx fasciata,Stoneflies
Mountain Brook Lamprey,Ichthyomyzon greeleyi,"Fishes - Freshwater and Anadromous Bony, Cartilaginous; Lampreys"
Mountain Chorus Frog,Pseudacris brachyphona,Amphibians
Mountain Creekshell,Leaunio vanuxemensis,Freshwater Mussels
Mountain Disc,Anguispira jessica,Terrestrial Snails
Mountain Madtom,Noturus eleutherus,"Fishes - Freshwater and Anadromous Bony, Cartilaginous; Lampreys"
Mountain Needlefly,Leuctra monticola,Stoneflies
Mountain Redbelly Dace,Chrosomus oreas,"Fishes - Freshwater and Anadromous Bony, Cartilaginous; Lampreys"
Mountain Shiner,Lythrurus lirus,"Fishes - Freshwater and Anadromous Bony, Cartilaginous; Lampreys"
Mournful Prong-Gilled Mayfly,Paraleptophlebia moerens,Mayflies
Mournful Underwing,Catocala flebilis,Underwing Moths
Mourning Cloak,Nymphalis antiopa,Butterflies and Skippers
Mourning Dove,Zenaida macroura,Birds
Mourning Free-Living Caddisfly,Rhyacophila atrata,Caddisflies
Mourning Warbler,Geothlypis philadelphia,Birds
Mucket,Ortmanniana ligamentina,Freshwater Mussels
Mud Amnicola,Amnicola limosus,Freshwater Snails
Mud Bithynia,Bithynia tentaculata,Freshwater Snails
Mud Salamander,Pseudotriton montanus,Amphibians
Mud Sunfish,Acantharchus pomotis,"Fishes - Freshwater and Anadromous Bony, Cartilaginous; Lampreys"
Mudpuppy,Necturus maculosus,Amphibians
Multicolored Sedgeminer Moth,Meropleon diversicolor,Other Moths
Multispine Stone,Neoperla stewarti,Stoneflies
Mummichog,Fundulus heteroclitus,"Fishes - Freshwater and Anadromous Bony, Cartilaginous; Lampreys"
Muskellunge,Esox masquinongy,"Fishes - Freshwater and Anadromous Bony, Cartilaginous; Lampreys"
Mute Swan,Cygnus olor,Birds
Muzarieuchlaena,Euchlaena muzaria,Other Moths
Myrinfritillary,Boloria myrina,Butterflies and Skippers
Mysterious Net-Spinning Caddisfly,Cheumatopsyche enigma,Caddisflies
Nais Tiger Moth,Apantesis nais,Tiger Moths
Nameless Pinion Moth,Lithophane innominata,Other Moths
Narrow Catspaw,Epioblasma lenior,Freshwater Mussels
Narrow-Lobed Needlefly,Leuctra tenuis,Stoneflies
Nashville Warbler,Leiothlypis ruficapilla,Birds
Natural Bridge Cave Beetle,Pseudanophthalmus pontis,Ground Beetles
Natural Bridge Cave Isopod,Pseudobaicalasellus bowmani,Isopods
Natural Bridge Supercoil,Paravitrea pontis,Terrestrial Snails
Needham'S Spiny Crawler Mayfly,Ephemerella needhami,Mayflies
Needham'S Stout Crawler Mayfly,Tricorythodes allectus,Mayflies
Neglected Hackle-Gilled Burrowing Mayfly,Anthopotamus neglectus,Mayflies
Neighboring Trumpet-Net Caddisfly,Nyctiophylax affinis,Caddisflies
Nelson Stripetail,Isoperla nelsoni,Stoneflies
Nelson'S Cave Beetle,Pseudanophthalmus nelsoni,Ground Beetles
Nelson'S Sparrow,Ammospiza nelsoni,Birds
Nessus Sphinx Moth,Amphion floridensis,Sphinx Moths
Net-Spinning Caddisfly,Hydropsyche bassi,Caddisflies
Nettle Sallfly,Sweltsa urticae,Stoneflies
New Castle Murder Hole Amphipod,Stygobromus interitus,Amphipods
New Jersey Chorus Frog,Pseudacris kalmi,Amphibians
New Jersey Teinchworm,Apodrepanulatrix liberaria,Other Moths
New River Crayfish,Cambarus chasmodactylus,Crayfishes
New River Shiner,Miniellus scabriceps,"Fishes - Freshwater and Anadromous Bony, Cartilaginous; Lampreys"
New River Valley Cave Beetle,Pseudanophthalmus egberti,Ground Beetles
Newfound Willowfly,Strophopteryx limata,Stoneflies
Newman'S Brocade,Meropleon ambifusca,Other Moths
Nicol'S Microcaddisfly,Hydroptila nicoli,Caddisflies
Nighttime Long-Horned Caddisfly,Triaenodes nox,Caddisflies
Noctuid Moth,Abagrotis magnicupida,Other Moths
Nocturnal Long-Horned Caddisfly,Oecetis nocturna,Caddisflies
Nondescript Dagger Moth,Acronicta spinigera,Other Moths
North American Deermouse,Peromyscus maniculatus,Mammals
North American Least Shrew,Cryptotis parva,Mammals
North American Porcupine,Erethizon dorsatum,Mammals
North American Racer,Coluber constrictor,Reptiles
North American Red Squirrel,Tamiasciurus hudsonicus,Mammals
North American River Otter,Lontra canadensis,Mammals
Northeastern Little Caddisfly,Neophylax aniqua,Caddisflies
Northeastern Sallfly,Sweltsa naica,Stoneflies
Northern Barrens Tiger Beetle,Cicindela patruela,Tiger Beetles
Northern Bobwhite,Colinus virginianus,Birds
Northern Broken-Dash,Polites egeremet,Butterflies and Skippers
Northern Burdock Borer Moth,Papaipema arctivorens,Papaipema Moths
Northern Cardinal,Cardinalis cardinalis,Birds
Northern Casemaker Caddisfly,Pycnopsyche flavata,Caddisflies
Northern Cloudywing,Thorybes pylades,Butterflies and Skippers
Northern Cottonmouth,Agkistrodon piscivorus,Reptiles
Northern Crescent,Phyciodes cocyta,Butterflies and Skippers
Northern Dusky Salamander,Desmognathus fuscus,Amphibians
Northern Flicker,Colaptes auratus,Birds
Northern Flying Squirrel,Glaucomys sabrinus,Mammals
Northern Gannet,Morus bassanus,Birds
Northern Gray-Cheeked Salamander,Plethodon montanus,Amphibians
Northern Harrier,Circus hudsonius,Birds
Northern Hoary Bat,Lasiurus cinereus,Mammals
Northern Hog Sucker,Hypentelium nigricans,"Fishes - Freshwater and Anadromous Bony, Cartilaginous; Lampreys"
Northern House Wren,Troglodytes aedon,Birds
Northern Lake Crangonyctid,Crangonyx gracilis,Amphipods
Northern Lance,Elliptio fisheriana,Freshwater Mussels
Northern Map Turtle,Graptemys geographica,Turtles
Northern Metalmark,Calephelis borealis,Butterflies and Skippers
Northern Mockingbird,Mimus polyglottos,Birds
Northern Mole Kingsnake,Lampropeltis rhombomaculata,Reptiles
Northern Myotis,Myotis septentrionalis,Mammals
Northern Parula,Setophaga americana,Birds
Northern Pearly-Eye,Lethe anthedon,Butterflies and Skippers
Northern Petrophormoth,Petrophora subaequaria,Other Moths
Northern Pike,Esox lucius,"Fishes - Freshwater and Anadromous Bony, Cartilaginous; Lampreys"
Northern Pine Sphinx Moth,Lapara bombycoides,Sphinx Moths
Northern Pine Tussock Moth,Dasychira plagiata,Other Moths
Northern Pink-Striped Oakworm,Anisota virginiensis,Giant Silkworm and Royal Moths
Northern Pintail,Anas acuta,Birds
Northern Pygmy Salamander,Desmognathus organi,Amphibians
Northern Red-Bellied Cooter,Pseudemys rubriventris,Turtles
Northern Rough-Winged Swallow,Stelgidopteryx serripennis,Birds
Northern Saw-Whet Owl,Aegolius acadicus,Birds
Northern Short-Tailed Shrew,Blarina brevicauda,Mammals
Northern Shoveler,Spatula clypeata,Birds
Northern Slimy Salamander,Plethodon glutinosus,Amphibians
Northern Small Square-Gilled Mayfly,Caenis diminuta,Mayflies
Northern Spring Amphipod,Gammarus pseudolimnaeus,Amphipods
Northern Spring Azure,Celastrina lucia,Butterflies and Skippers
Northern Stone,Agnetina capitata,Stoneflies
Northern Studfish,Fundulus catenatus,"Fishes - Freshwater and Anadromous Bony, Cartilaginous; Lampreys"
Northern Threetooth Snail,Triodopsis tridentata,Terrestrial Snails
Northern Two-Lined Salamander,Eurycea bislineata,Amphibians
Northern Virginiwell Amphipod,Stygobromus phreaticus,Amphipods
Northern Waterthrush,Parkesia noveboracensis,Birds
Norton'S Alkali Bee,Nomia nortoni,Sweat Bees (in part)
Notched Forestfly,Ostrocerca complexa,Stoneflies
Notched Rainbow,Venustaconcha constricta,Freshwater Mussels
Notchlip Redhorse,Moxostoma collapsum,"Fishes - Freshwater and Anadromous Bony, Cartilaginous; Lampreys"
Nottaway Stone,Perlesta cranshawi,Stoneflies
Novscotia Trumpet-Net Caddisfly,Plectrocnemia nascotia,Caddisflies
Nubbin Threetooth,Triodopsis obsoleta,Terrestrial Snails
Oak Besmmoth,Besma quercivoraria,Other Moths
Oak Hairstreak,Satyrium favonius,Butterflies and Skippers
Oak Toad,Anaxyrus quercicus,Amphibians
Obelisk Dart Moth,Euxoa obeliscoides,Other Moths
Obese Thorn Snail,Carychium exiguum,Terrestrial Snails
Oblique Grass Moth,Amolita obliqua,Other Moths
Oblique Heterocampa,Heterocampa obliqua,Notodontid Moths
Oblique Zale Moth,Zale obliqua,Other Moths
Oblique-Lined Tiger Beetle,Cicindela tranquebarica,Tiger Beetles
Oblong Sedge Borer Moth,Globia oblonga,Other Moths
Obscure Howdy Mayfly,Isonychia obscura,Mayflies
Obscure Underwing,Catocala obscura,Underwing Moths
Ocellated Darner,Boyeria grafiana,Dragonflies and Damselflies
Ochre Euchlaenmoth,Euchlaena marginaria,Other Moths
Ohio Lamprey,Ichthyomyzon bdellium,"Fishes - Freshwater and Anadromous Bony, Cartilaginous; Lampreys"
Ohio Pigtoe,Pleurobema cordatum,Freshwater Mussels
Ohio Sallfly,Alloperla imbecilla,Stoneflies
Ohio Shrimp,Macrobrachium ohione,Other Crustaceans
Ohio Stoneroller,Campostoma anomalum,"Fishes - Freshwater and Anadromous Bony, Cartilaginous; Lampreys"
Old Man Dart Moth,Agrotis vetusta,Other Moths
Oldfield Coil,Lucilla scintilla,Terrestrial Snails
Oldwife Underwing,Catocala palaeogama,Underwing Moths
Olive Arches Moth,Lacinipolia olivacea,Other Moths
Olive-Sided Flycatcher,Contopus cooperi,Birds
Olympimarble,Euchloe olympia,Butterflies and Skippers
Once-Married Underwing Moth,Catocala unijuga,Underwing Moths
One-Spotted Tiger Beetle,Apterodela unipunctata,Ground Beetles
Ontario Bizarre Caddisfly,Lepidostoma ontario,Caddisflies
Ontario Prong-Gilled Mayfly,Paraleptophlebia ontario,Mayflies
Ontario Sallfly,Sweltsa onkos,Stoneflies
Ontario Trumpet-Net Caddisfly,Polycentropus pentus,Caddisflies
Onyx Rocksnail,Leptoxis praerosa,Freshwater Snails
Opaque Round Fungus Beetle,Prionochaeta opaca,Other Beetles
Orange Microcaddisfly,Hydroptila hamata,Caddisflies
Orange Panopoda,Panopoda repanda,Other Moths
Orange Sulphur,Colias eurytheme,Butterflies and Skippers
Orange-Crowned Warbler,Leiothlypis celata,Birds
Orange-Patched Smoky Moth,Pyromorpha dimidiata,Other Moths
Orangefin Madtom,Noturus gilberti,"Fishes - Freshwater and Anadromous Bony, Cartilaginous; Lampreys"
Orchard Oriole,Icterus spurius,Birds
Organ Cavesnail,Fontigens tartarea,Freshwater Snails
Ornamental Net-Spinning Caddisfly,Hydropsyche phalerata,Caddisflies
Ornate Bellmoth,Utetheisa ornatrix,Tiger Moths
Ornate Little Caddisfly,Neophylax ornatus,Caddisflies
Ornate Pennant,Celithemis ornata,Dragonflies and Damselflies
Ornate Stone,Acroneuria yuchi,Stoneflies
Orndorff'S Cave Isopod,Lirceus orndorffi,Isopods
Osmundborer Moth,Papaipema speciosissima,Papaipema Moths
Osprey,Pandion haliaetus,Birds
Osten'S Long-Horned Caddisfly,Oecetis osteni,Caddisflies
Outlined Microcaddisfly,Hydroptila delineata,Caddisflies
Oval Abrostolmoth,Abrostola ovalis,Other Moths
Oval Ambersnail,Novisuccinea ovalis,Terrestrial Snails
Oval-Based Prominent Moth,Peridea basitriens,Notodontid Moths
Ovate Dagger Moth,Acronicta ovata,Other Moths
Ovate Vertigo Snail,Vertigo ovata,Terrestrial Snails
Ovenbird,Seiurus aurocapilla,Birds
Overlooked Cave Beetle,Pseudanophthalmus praetermissus,Ground Beetles
Oxen Net-Spinning Caddisfly,Cheumatopsyche oxa,Caddisflies
Oxycillcane Moth,Oxycilla mitographa,Other Moths
Oyster Mussel,Epioblasma capsaeformis,Freshwater Mussels
Ozark Stripetail,Isoperla namata,Stoneflies
Pacific Willowfly,Taenionema pacificum,Stoneflies
Packard'S Lichen Moth,Cisthene packardii,Tiger Moths
Paddlefish,Polyodon spathula,"Fishes - Freshwater and Anadromous Bony, Cartilaginous; Lampreys"
Pagodhornsnail,Pleurocera uncialis,Freshwater Snails
Painted Bizarre Caddisfly,Lepidostoma pictile,Caddisflies
Painted Lady,Vanessa cardui,Butterflies and Skippers
Painted Lichen Moth,Hypoprepia fucosa,Tiger Moths
Painted Small Minnow Mayfly,Procloeon rubropictum,Mayflies
Painted Turtle,Chrysemys picta,Turtles
Painted-Foot Microcaddisfly,Leucotrichia pictipes,Caddisflies
Palamedes Swallowtail,Pterourus palamedes,Butterflies and Skippers
Palatkskipper,Euphyes pilatka,Butterflies and Skippers
Pale Beauty Moth,Campaea perlata,Other Moths
Pale Firefly,Photinus scintillans,Fireflies and Glow-worms
Pale Glyph,Glyphyalinia lewisiana,Terrestrial Snails
Pale Glyph Moth,Protodeltote albidula,Other Moths
Pale Mantleslug,Pallifera dorsalis,Terrestrial Snails
Pale Metanemmoth,Metanema inatomaria,Other Moths
Pale Microcaddisfly,Oxyethira pallida,Caddisflies
Pale Spiny Crawler Mayfly,Ephemerella dorothea,Mayflies
Pale Stone,Perlesta nelsoni,Stoneflies
Pale Stripetail,Isoperla holochlora,Stoneflies
Pale Trumpet-Net Caddisfly,Cernotina pallida,Caddisflies
Pale-Banded Dart Moth,Agnorisma badinodis,Other Moths
Palm Warbler,Setophaga palmarum,Birds
Palmetto Vertigo,Vertigo oralis,Terrestrial Snails
Pan-American Big-Headed Tiger Beetle,Tetracha carolina,Tiger Beetles
Pandorus Sphinx,Eumorpha pandorus,Sphinx Moths
Panhandle Pebblesnail,Somatogyrus virginicus,Freshwater Snails
Panther Giant Caddisfly,Oligostomis pardalis,Caddisflies
Paper Pondshell,Utterbackia imbecillis,Freshwater Mussels
Parallel Leafcutter Bee,Megachile parallela,Leafcutter Bees
Parasitic Jaeger,Stercorarius parasiticus,Birds
Parthenice Tiger Moth,Apantesis parthenice,Tiger Moths
Passenger Pigeon,Ectopistes migratorius,Birds
Patellar Oil-Collecting Bee,Macropis patellata,Oil-collecting Bees
Pawpaw Sphinx Moth,Dolba hyloeus,Sphinx Moths
Peaks Of Otter Salamander,Plethodon hubrichti,Amphibians
Pearl Crescent,Phyciodes tharos,Butterflies and Skippers
Pearly-Banded Bee,Nomia maneei,Sweat Bees (in part)
Pearly-Winged Lichen Moth,Crambidia casta,Tiger Moths
Pecan Carpenterworm Moth,Cossula magnifica,Other Moths
Peck'S Pug Moth,Eupithecia peckorum,Other Moths
Peck'S Skipper,Polites coras,Butterflies and Skippers
Pectoral Sandpiper,Calidris melanotos,Birds
Peculiar Snowfly,Allocapnia curiosa,Stoneflies
Peg-Like Saddlecase Caddisfly,Agapetus pinatus,Caddisflies
Pepper And Salt Skipper,Amblyscirtes hegon,Butterflies and Skippers
Peregrine Falcon,Falco peregrinus,Birds
Perforate Dome Snail,Ventridens demissus,Terrestrial Snails
Perforated Peaclam,Pisidium simplex,Other Molluscs
Persius Duskywing,Erynnis persius,Butterflies and Skippers
Pescador'S Bottle-Cased Caddisfly,Oxyethira pescadori,Caddisflies
Petrunkevitch'S Cave Beetle,Pseudanophthalmus petrunkevitchi,Ground Beetles
Petulant Leaf-Cutter Bee,Megachile petulans,Leafcutter Bees
Pheasantshell,Ortmanniana pectorosa,Freshwater Mussels
Philadelphivireo,Vireo philadelphicus,Birds
Phreatic Isopod,Conasellus phreaticus,Isopods
Pickerel Frog,Lithobates palustris,Amphibians
Pied-Billed Grebe,Podilymbus podiceps,Birds
Piedmont Darter,Percina crassa,"Fishes - Freshwater and Anadromous Bony, Cartilaginous; Lampreys"
Piedmont Elimia,Elimia virginica,Freshwater Snails
Piedmont Pondsnail,Ladislavella neopalustris,Freshwater Snails
Piedmont Roachfly,Tallaperla anna,Stoneflies
Pigmented Miner Bee,Andrena chromotricha,Other Bees
Pileated Woodpecker,Dryocopus pileatus,Birds
Pimpleback,Pustulosa pustulosa,Freshwater Mussels
Pincered Mortarjoint Caddisfly,Psilotreta labida,Caddisflies
Pine Barrens Zanclognatha,Zanclognatha martha,Other Moths
Pine Devil Moth,Citheronia sepulcralis,Giant Silkworm and Royal Moths
Pine Siskin,Spinus pinus,Birds
Pine Tussock Moth,Dasychira pinicola,Other Moths
Pine Warbler,Setophaga pinus,Birds
Pine Woods Treefrog,Dryophytes femoralis,Amphibians
Pinhole Threetooth,Triodopsis messana,Terrestrial Snails
Pink Heelsplitter,Potamilus alatus,Freshwater Mussels
Pink Mucket,Lampsilis abrupta,Freshwater Mussels
Pink Prominent,Hyparpax aurora,Notodontid Moths
Pink Star Moth,Derrima stellata,Other Moths
Pink-Edged Sulphur,Colias interior,Butterflies and Skippers
Pink-Spotted Dart Moth,Pseudohermonassa bicarnea,Other Moths
Pink-Spotted Hawk Moth,Agrius cingulata,Sphinx Moths
Pink-Striped Willow Spanworm,Cabera variolaria,Other Moths
Pipevine Swallowtail,Battus philenor,Butterflies and Skippers
Piping Plover,Charadrius melodus,Birds
Pisgah Black-Bellied Salamander,Desmognathus mavrokoilius,Amphibians
Pistolgrip,Tritogonia verrucosa,Freshwater Mussels
Pitch Trumpet-Net Caddisfly,Polycentropus pixi,Caddisflies
Pittsylvanithreetooth,Triodopsis burchi,Terrestrial Snails
Pittsylvaniwell Amphipod,Stygobromus obrutus,Amphipods
Pizzini'S Cave Amphipod,Stygobromus pizzinii,Amphipods
Plain Button Snail,Mesomphix inornatus,Terrestrial Snails
Plain Pocketbook,Lampsilis cardium,Freshwater Mussels
Plain Schizura,Coelodasys apicalis,Notodontid Moths
Plain-Bellied Watersnake,Nerodia erythrogaster,Reptiles
Plausible Spiny Crawler Mayfly,Eurylophella verisimilis,Mayflies
Pluto Small Minnow Mayfly,Baetis pluto,Mayflies
Pocketbook,Lampsilis ovata,Freshwater Mussels
Pointed Campeloma,Campeloma decisum,Freshwater Snails
Pointed Free-Living Caddisfly,Rhyacophila acutiloba,Caddisflies
Polycentropodid Caddisfly,Nyctiophylax denningi,Caddisflies
Polymniborer Moth,Papaipema polymniae,Papaipema Moths
Polyphemus Moth,Antheraea polyphemus,Giant Silkworm and Royal Moths
Pomarine Jaeger,Stercorarius pomarinus,Birds
Pond Fingernailclam,Musculium securis,Other Molluscs
Pond Slider,Trachemys scripta,Turtles
Pond Small Minnow Mayfly,Cloeon dipterum,Mayflies
Popeye Shiner,Notropis ariommus,"Fishes - Freshwater and Anadromous Bony, Cartilaginous; Lampreys"
Potomac Firefly,Photuris potomaca,Fireflies and Glow-worms
Potomac Sculpin,Cottus girardi,"Fishes - Freshwater and Anadromous Bony, Cartilaginous; Lampreys"
Powdered Dancer,Argia moesta,Dragonflies and Damselflies
Powell Valley Terrestrial Cave Isopod,Amerigoniscus henroti,Isopods
Praeclarunderwing Moth,Catocala praeclara,Underwing Moths
Prairie Warbler,Setophaga discolor,Birds
Precious Underwing,Catocala pretiosa,Underwing Moths
Predaceous Diving Beetle,Hoperius planatus,Predaceous Diving Beetles
Pretty Flat-Headed Mayfly,Maccaffertium pulchellum,Mayflies
Pretty Small Minnow Mayfly,Callibaetis pretiosus,Mayflies
Price'S Cave Isopod,Conasellus pricei,Isopods
Pristine Snowfly,Allocapnia wrayi,Stoneflies
Prolonged Microcaddisfly,Hydroptila eramosa,Caddisflies
Prominent Moth,Heterocampa astarte,Notodontid Moths
Promiscuous Angle,Macaria promiscuata,Other Moths
Prongill Mayfly,Paraleptophlebia jeanae,Mayflies
Prothonotary Warbler,Protonotaria citrea,Birds
Proud Globe Snail,Mesodon elevatus,Terrestrial Snails
Provancher'S Armored Mayfly,Baetisca rubescens,Mayflies
Prudent Spiny Crawler Mayfly,Eurylophella prudentalis,Mayflies
Pugnacious Leafcutter Bee,Megachile pugnata,Leafcutter Bees
Pumpkin Physa,Physella ancillaria,Freshwater Snails
Pumpkinseed,Lepomis gibbosus,"Fishes - Freshwater and Anadromous Bony, Cartilaginous; Lampreys"
Punctured Tiger Beetle,Cicindela punctulata,Tiger Beetles
Pure Lichen Moth,Crambidia pura,Tiger Moths
Pure Sweat Bee,Augochlora pura,Sweat Bees (in part)
Purple Arches Moth,Polia purpurissata,Other Moths
Purple Finch,Haemorhous purpureus,Birds
Purple Lilliput,Toxolasma lividum,Freshwater Mussels
Purple Martin,Progne subis,Birds
Purple Sandpiper,Calidris maritima,Birds
Purple Wartyback,Cyclonaias tuberculata,Freshwater Mussels
Purse Casemaker Caddisfly,Hydroptila anisoforficata,Caddisflies
Pygmy Fossaria,Galba parva,Freshwater Snails
Pygmy Slitmouth,Stenotrema pilula,Terrestrial Snails
Pygmy Small Minnow Mayfly,Acerpenna pygmaea,Mayflies
Pygmy Snowfly,Allocapnia pygmaea,Stoneflies
Pygmy Sperm Whale,Kogia breviceps,Mammals
Pygmy Vertigo Snail,Vertigo pygmaea,Terrestrial Snails
Pyramid Dome Snail,Ventridens intertextus,Terrestrial Snails
Quebec Primitive Minnow Mayfly,Siphlonurus quebecensis,Mayflies
Queensnake,Regina septemvittata,Reptiles
Question Mark,Polygonia interrogationis,Butterflies and Skippers
Quick Gloss Snail,Zonitoides arboreus,Terrestrial Snails
Quiet Or Sweet Underwing,Catocala dulciola,Underwing Moths
Quill Gordon Flat-Headed Mayfly,Epeorus pleuralis,Mayflies
Quillback,Carpiodes cyprinus,"Fishes - Freshwater and Anadromous Bony, Cartilaginous; Lampreys"
Rabbitsfoot,Theliderma cylindrica,Freshwater Mussels
Raccoon,Procyon lotor,Mammals
Racovitza'S Terrestrial Cave Isopod,Miktoniscus racovitzai,Isopods
Radcliffe'S Dagger Moth,Acronicta radcliffei,Other Moths
Radiant Long-Horned Caddisfly,Nectopsyche candida,Caddisflies
Rafinesque'S Big-Eared Bat,Corynorhinus rafinesquii,Mammals
Rainbow,Cambarunio iris,Freshwater Mussels
Rainbow Darter,Etheostoma caeruleum,"Fishes - Freshwater and Anadromous Bony, Cartilaginous; Lampreys"
Rainbow Saddlecase Caddisfly,Agapetus iridis,Caddisflies
Rainbow Snake,Farancia erytrogramma,Reptiles
Rainbow Trout Or Steelhead,Oncorhynchus mykiss,"Fishes - Freshwater and Anadromous Bony, Cartilaginous; Lampreys"
Rainwater Killifish,Lucania parva,"Fishes - Freshwater and Anadromous Bony, Cartilaginous; Lampreys"
Rappahannock Spring Amphipod,Stygobromus foliatus,Amphipods
Rare Skipper,Problema bulenta,Butterflies and Skippers
Rare Spring Moth,Heliomata infulata,Other Moths
Rayed Bean,Paetulunio fabalis,Freshwater Mussels
Reaper Dart Moth,Euxoa messoria,Other Moths
Rectilinear Net-Spinning Caddisfly,Hydropsyche alhedra,Caddisflies
Recurved Snowfly,Allocapnia loshada,Stoneflies
Red Admiral,Vanessa atalanta,Butterflies and Skippers
Red Cornsnake,Pantherophis guttatus,Reptiles
Red Crossbill,Loxia curvirostra,Birds
Red Dart Moth,Diarsia rubifera,Other Moths
Red Fox,Vulpes vulpes,Mammals
Red Fox Flat-Headed Mayfly,Stenonema femoratum,Mayflies
Red Knot,Calidris canutus,Birds
Red Phalarope,Phalaropus fulicarius,Birds
Red Salamander,Pseudotriton ruber,Amphibians
Red Small Minnow Mayfly,Callibaetis ferrugineus,Mayflies
Red Swamp Crawfish,Procambarus clarkii,Crayfishes
Red Wolf,Canis rufus,Mammals
Red-Banded Hairstreak,Calycopis cecrops,Butterflies and Skippers
Red-Bellied Mudsnake,Farancia abacura,Reptiles
Red-Bellied Snake,Storeria occipitomaculata,Reptiles
Red-Bellied Woodpecker,Melanerpes carolinus,Birds
Red-Bordered Emerald,Nemoria lixaria,Other Moths
Red-Breasted Merganser,Mergus serrator,Birds
Red-Breasted Nuthatch,Sitta canadensis,Birds
Red-Cockaded Woodpecker,Dryobates borealis,Birds
Red-Eyed Vireo,Vireo olivaceus,Birds
Red-Headed Woodpecker,Melanerpes erythrocephalus,Birds
Red-Humped Caterpillar Moth,Oedemasia concinna,Notodontid Moths
Red-Humped Oakworm Moth,Symmerista canicosta,Notodontid Moths
Red-Necked Grebe,Podiceps grisegena,Birds
Red-Necked Phalarope,Phalaropus lobatus,Birds
Red-Shouldered Hawk,Buteo lineatus,Birds
Red-Spotted Admiral,Limenitis arthemis,Butterflies and Skippers
Red-Spotted Lithacodia,Maliattha concinnimacula,Other Moths
Red-Tailed Hawk,Buteo jamaicensis,Birds
Red-Throated Loon,Gavia stellata,Birds
Red-Tipped Digger Bee,Anthophora terminalis,Digger Bees
Red-Veined Pennant,Celithemis bertha,Dragonflies and Damselflies
Red-Washed Prominent Moth,Oedemasia semirufescens,Notodontid Moths
Red-Winged Blackbird,Agelaius phoeniceus,Birds
Red-Winged Pleasing Fungus Beetle,Rotitma sanguinipennis,Other Beetles
Redbreast Sunfish,Lepomis auritus,"Fishes - Freshwater and Anadromous Bony, Cartilaginous; Lampreys"
Redear Sunfish,Lepomis microlophus,"Fishes - Freshwater and Anadromous Bony, Cartilaginous; Lampreys"
Redfin Pickerel,Esox americanus,"Fishes - Freshwater and Anadromous Bony, Cartilaginous; Lampreys"
Redhead,Aythya americana,Birds
Redline Darter,Nothonotus rufilineatus,"Fishes - Freshwater and Anadromous Bony, Cartilaginous; Lampreys"
Redlip Shiner,Hydrophlox chiliticus,"Fishes - Freshwater and Anadromous Bony, Cartilaginous; Lampreys"
Regal Darner,Coryphaeschna ingens,Dragonflies and Damselflies
Regal Fritillary,Argynnis idalia,Butterflies and Skippers
Regal Walnut Moth,Citheronia regalis,Giant Silkworm and Royal Moths
Related Northern Caddisfly,Pycnopsyche gentilis,Caddisflies
Relative Leafcutter Bee,Megachile relativa,Leafcutter Bees
Remote Trumpet-Net Caddisfly,Plectrocnemia remota,Caddisflies
Residuunderwing,Catocala residua,Underwing Moths
Resurgent Long-Horned Caddisfly,Ceraclea resurgens,Caddisflies
Reticulate Crayfish,Faxonius erichsonianus,Crayfishes
Reversed Roadside-Skipper,Amblyscirtes reversa,Butterflies and Skippers
Rhyacophilid Caddisfly,Rhyacophila kondratieffi,Caddisflies
Ribbed Bizarre Caddisfly,Lepidostoma costale,Caddisflies
Ribbed Striate Snail,Pseudohyalina exigua,Terrestrial Snails
Richard'S Fungus Moth,Metalectra richardsi,Other Moths
Ridge-And-Valley Slitmouth,Stenotrema edvardsi,Terrestrial Snails
Ridged Lioplax,Lioplax subcarinata,Freshwater Snails
Ridgedbeak Peaclam,Pisidium compressum,Other Molluscs
Rigid Sunflower Borer Moth,Papaipema rigida,Papaipema Moths
Ring-Billed Gull,Larus delawarensis,Birds
Ring-Necked Duck,Aythya collaris,Birds
Ring-Necked Pheasant,Phasianus colchicus,Birds
Ring-Necked Snake,Diadophis punctatus,Reptiles
Ringed Small Minnow Mayfly,Acentrella parvula,Mayflies
River Chub,Nocomis micropogon,"Fishes - Freshwater and Anadromous Bony, Cartilaginous; Lampreys"
River Cooter,Pseudemys concinna,Turtles
River Fingernailclam,Sphaerium fabale,Other Molluscs
River Jewelwing,Calopteryx aequabilis,Dragonflies and Damselflies
River Redhorse,Moxostoma carinatum,"Fishes - Freshwater and Anadromous Bony, Cartilaginous; Lampreys"
Riverweed Darter,Etheostoma podostemone,"Fishes - Freshwater and Anadromous Bony, Cartilaginous; Lampreys"
Roanoke Bass,Ambloplites cavifrons,"Fishes - Freshwater and Anadromous Bony, Cartilaginous; Lampreys"
Roanoke Darter,Percina roanoka,"Fishes - Freshwater and Anadromous Bony, Cartilaginous; Lampreys"
Roanoke Hog Sucker,Hypentelium roanokense,"Fishes - Freshwater and Anadromous Bony, Cartilaginous; Lampreys"
Roanoke Logperch,Percina rex,"Fishes - Freshwater and Anadromous Bony, Cartilaginous; Lampreys"
Roanoke Slabshell,Elliptio roanokensis,Freshwater Mussels
Robed Bizarre Caddisfly,Lepidostoma togatum,Caddisflies
Robinson'S Underwing,Catocala robinsonii,Underwing Moths
Roble'S Cane Borer,Loscopia roblei,Other Moths
Robust Springfly,Diploperla robusta,Stoneflies
Rock Bass,Ambloplites rupestris,"Fishes - Freshwater and Anadromous Bony, Cartilaginous; Lampreys"
Rock Crawfish,Cambarus carinirostris,Crayfishes
Rock Creek Groundwater Amphipod,Stygobromus kenki,Amphipods
Rock Island Small Minnow Mayfly,Labiobaetis propinquus,Mayflies
Rock Island Springfly,Isogenoides varians,Stoneflies
Rock Pigeon,Columba livia,Birds
Rock Vole,Microtus chrotorrhinus,Mammals
Rockbridge County Cave Amphipod,Stygobromus baroodyi,Amphipods
Roof Rat,Rattus rattus,Mammals
Rose-Breasted Grosbeak,Pheucticus ludovicianus,Birds
Rose-Ringed Parakeet,Psittacula krameri,Birds
Roseate Grass Moth,Amolita roseola,Other Moths
Roseate Tern,Sterna dougallii,Birds
Rosewing Moth,Sideridis rosea,Other Moths
Rosy Maple Moth,Dryocampa rubicunda,Giant Silkworm and Royal Moths
Rosyface Shiner,Notropis rubellus,"Fishes - Freshwater and Anadromous Bony, Cartilaginous; Lampreys"
Rosyside Dace,Clinostomus funduloides,"Fishes - Freshwater and Anadromous Bony, Cartilaginous; Lampreys"
Rotund Cave Beetle,Pseudanophthalmus rotundatus,Ground Beetles
Rough Earthsnake,Haldea striatula,Reptiles
Rough Greensnake,Opheodrys aestivus,Reptiles
Rough Pigtoe,Pleurobema plenum,Freshwater Mussels
Rough-Legged Hawk,Buteo lagopus,Birds
Roughhead Shiner,Notropis semperasper,"Fishes - Freshwater and Anadromous Bony, Cartilaginous; Lampreys"
Round Hill Cave Amphipod,Stygobromus mausi,Amphipods
Round Northern Caddisfly,Pycnopsyche circularis,Caddisflies
Round Peaclam,Pisidium equilaterale,Other Molluscs
Round Pigtoe,Pleurobema sintoxia,Freshwater Mussels
Round Supercoil,Paravitrea reesei,Terrestrial Snails
Rounded Dome,Ventridens lawae,Terrestrial Snails
Rove Beetle,Atheta troglophila,Other Beetles
Royal Tern,Thalasseus maximus,Birds
Rubble Coil,Helicodiscus lirellus,Terrestrial Snails
Ruby-Crowned Kinglet,Corthylio calendula,Birds
Ruby-Throated Hummingbird,Archilochus colubris,Birds
Ruddy Duck,Oxyura jamaicensis,Birds
Ruddy Turnstone,Arenaria interpres,Birds
Ruffed Grouse,Bonasa umbellus,Birds
Rural Humpless Caddisfly,Micrasema rusticum,Caddisflies
Rust Glyph,Glyphyalinia picea,Terrestrial Snails
Rustic Sphinx,Manduca rustica,Sphinx Moths
Rusty Blackbird,Euphagus carolinus,Birds
Rusty Crayfish,Faxonius rusticus,Crayfishes
Rusty Holomelinmoth,Virbia ferruginosa,Tiger Moths
Rusty Long-Horned Caddisfly,Oecetis ochracea,Caddisflies
Rusty-Patched Bumble Bee,Bombus affinis,Bumble Bees
Rustyside Sucker,Thoburnia hamiltoni,"Fishes - Freshwater and Anadromous Bony, Cartilaginous; Lampreys"
Ruth'S Long-Horned Caddisfly,Ceraclea ruthae,Caddisflies
Rye Cove Cave Beetle,Pseudanophthalmus seclusus,Ground Beetles
Rye Cove Cave Isopod,Lirceus culveri,Isopods
S-Banded Tiger Beetle,Cicindela trifasciata,Tiger Beetles
Sable Stripetail,Isoperla dicala,Stoneflies
Sad Dagger Moth,Acronicta tristis,Other Moths
Sad Finger-Net Caddisfly,Wormaldia moesta,Caddisflies
Sad Northern Caddisfly,Limnephilus moestus,Caddisflies
Sad Trumpet-Net Caddisfly,Nyctiophylax moestus,Caddisflies
Sad Underwing,Catocala maestosa,Underwing Moths
Saddlecase Caddisfly,Agapetus tomus,Caddisflies
Saddled Small Minnow Mayfly,Labiobaetis ephippiatus,Mayflies
Saffron Shiner,Hydrophlox rubricroceus,"Fishes - Freshwater and Anadromous Bony, Cartilaginous; Lampreys"
Saint Paul Cave Beetle,Pseudanophthalmus sanctipauli,Ground Beetles
Sallfly,Alloperla clarki,Stoneflies
Salt And Pepper Microcaddisfly,Agraylea multipunctata,Caddisflies
Salt Marsh Skipper,Panoquina panoquin,Butterflies and Skippers
Salt-And-Pepper Looper Moth,Syngrapha rectangula,Other Moths
Saltmarsh Sparrow,Ammospiza caudacuta,Birds
Same Little Caddisfly,Neophylax consimilis,Caddisflies
Sand Shiner,Miniellus stramineus,"Fishes - Freshwater and Anadromous Bony, Cartilaginous; Lampreys"
Sanderling,Calidris alba,Birds
Sanderson'S Bumble Bee,Bombus sandersoni,Bumble Bees
Sandwich Tern,Thalasseus sandvicensis,Birds
Sandy Firefly,Photinus sabulosus,Fireflies and Glow-worms
Sanicle Yellow-Faced Bee,Hylaeus saniculae,Other Bees
Sappho Underwing,Catocala sappho,Underwing Moths
Sargasso Shearwater,Puffinus lherminieri,Birds
Satinfin Shiner,Cyprinella analostana,"Fishes - Freshwater and Anadromous Bony, Cartilaginous; Lampreys"
Sauger,Sander canadensis,"Fishes - Freshwater and Anadromous Bony, Cartilaginous; Lampreys"
Savannah Sparrow,Passerculus sandwichensis,Birds
Sawcheek Darter,Etheostoma serrifer,"Fishes - Freshwater and Anadromous Bony, Cartilaginous; Lampreys"
Sawtooth Disc,Discus bryanti,Terrestrial Snails
Say'S Firefly,Pyractomena angulata,Fireflies and Glow-worms
Say'S Giant Caddisfly,Phryganea sayi,Caddisflies
Say'S Hex Burrowing Mayfly,Hexagenia bilineata,Mayflies
Say'S Howdy Mayfly,Isonychia sayi,Mayflies
Say'S Small Square-Gilled Mayfly,Caenis hilaris,Mayflies
Scaly Northern Caddisfly,Pycnopsyche lepida,Caddisflies
Scanty Little Caddisfly,Neophylax oligius,Caddisflies
Scarab Beetle,Phanaeus igneus,Other Beetles
Scarab Water Scavenger Beetle,Sphaeridium scarabaeoides,Other Beetles
Scarlet Kingsnake,Lampropeltis elapsoides,Reptiles
Scarlet Tanager,Piranga olivacea,Birds
Scarlet Underwing,Catocala coccinata,Underwing Moths
Scarlet-Winged Lichen Moth,Hypoprepia miniata,Tiger Moths
Scarletsnake,Cemophora coccinea,Reptiles
Scattered Northern Caddisfly,Pseudostenophylax sparsus,Caddisflies
Schaum'S Ground Beetle,Sphaeroderus schaumii,Ground Beetles
Schaum'S Longhorn Beetle,Stenocorus schaumii,Flower Longhorn Beetles
Scholastic Dart Moth,Euxoa scholastica,Other Moths
Schwarz' Diving Beetle,Laccophilus schwarzi,Predaceous Diving Beetles
Scribbled Sallow Moth,Sympistis perscripta,Other Moths
Sculpted Glyph Snail,Glyphyalinia rhoadsi,Terrestrial Snails
Sculpted Harp Ground Beetle,Dicaelus sculptilis,Ground Beetles
Sculptured Dome,Ventridens collisella,Terrestrial Snails
Seal Salamander,Desmognathus monticola,Amphibians
Sealed Globelet Snail,Mesodon mitchellianus,Terrestrial Snails
Seaside Goldenrod Borer Moth,Papaipema duovata,Papaipema Moths
Seaside Net-Spinning Caddisfly,Cheumatopsyche halima,Caddisflies
Seaside Sparrow,Ammospiza maritima,Birds
Sedge Wren,Cistothorus stellaris,Birds
Seep Mudalia,Leptoxis dilatata,Freshwater Snails
Seepage Dancer,Argia bipunctulata,Dragonflies and Damselflies
Sei Whale,Balaenoptera borealis,Mammals
Selamprey,Petromyzon marinus,"Fishes - Freshwater and Anadromous Bony, Cartilaginous; Lampreys"
Semipalmated Plover,Charadrius semipalmatus,Birds
Semipalmated Sandpiper,Calidris pusilla,Birds
Sensitive Fern Borer Moth,Papaipema inquaesita,Papaipema Moths
Separated Finger-Net Caddisfly,Dolophilodes distincta,Caddisflies
Serene Underwing,Catocala serena,Underwing Moths
Serrate Crangonyctid,Crangonyx serratus,Amphipods
Severed Mantleslug,Pallifera secreta,Terrestrial Snails
Shadow Darner,Aeshna umbrosa,Dragonflies and Damselflies
Shadowed Burrowing Mayfly,Ephemera simulans,Mayflies
Shady Flat-Headed Mayfly,Leucrocuta umbratica,Mayflies
Shaggy Coil,Helicodiscus diadema,Terrestrial Snails
Shagreen Snail,Inflectarius inflectus,Terrestrial Snails
Shaken Microcaddisfly,Neotrichia vibrans,Caddisflies
Shale Pebblesnail,Somatogyrus pennsylvanicus,Freshwater Snails
Sharp Awlsnail,Opeas pyrgula,Terrestrial Snails
Sharp Sprite,Promenetus exacuous,Freshwater Snails
Sharp-Shinned Hawk,Accipiter striatus,Birds
Sharphead Darter,Nothonotus acuticeps,"Fishes - Freshwater and Anadromous Bony, Cartilaginous; Lampreys"
Sharpnose Darter,Percina oxyrhynchus,"Fishes - Freshwater and Anadromous Bony, Cartilaginous; Lampreys"
Shawnee Finger-Net Caddisfly,Wormaldia shawnee,Caddisflies
Shawnee Stone,Perlesta shawnee,Stoneflies
Shed Microcaddisfly,Oxyethira anabola,Caddisflies
Sheepnose,Plethobasus cyphyus,Freshwater Mussels
Sheepshead Minnow,Cyprinodon variegatus,"Fishes - Freshwater and Anadromous Bony, Cartilaginous; Lampreys"
Shenandoah Free-Living Caddisfly,Rhyacophila shenandoahensis,Caddisflies
Shenandoah Mountain Salamander,Plethodon virginia,Amphibians
Shenandoah Needlefly,Megaleuctra flinti,Stoneflies
Shenandoah Salamander,Plethodon shenandoah,Amphibians
Shenandoah Sallfly,Sweltsa palearata,Stoneflies
Shenandoah Valley Cave Amphipod,Stygobromus gracilipes,Amphipods
Shield Darter,Percina peltata,"Fishes - Freshwater and Anadromous Bony, Cartilaginous; Lampreys"
Shining Ball Scarab Beetle,Ceratocanthus aeneus,Other Beetles
Shining Northern Caddisfly,Platycentropus radiatus,Caddisflies
Shiny Peaclam,Pisidium nitidum,Other Molluscs
Shiny Pigtoe,Fusconaia cor,Freshwater Mussels
Shiny-Faced Mason Bee,Osmia inspergens,Mason Bees
Shivering Pinion Moth,Lithophane querquera,Other Moths
Shoemaker Crangonyctid,Crangonyx shoemakeri,Amphipods
Short Leafcutter Bee,Megachile brevis,Leafcutter Bees
Short-Billed Dowitcher,Limnodromus griseus,Birds
Short-Eared Owl,Asio flammeus,Birds
Short-Winged Mold Beetle,Arianops jeanneli,Other Beetles
Shorthead Redhorse,Moxostoma macrolepidotum,"Fishes - Freshwater and Anadromous Bony, Cartilaginous; Lampreys"
Shortnose Sturgeon,Acipenser brevirostrum,"Fishes - Freshwater and Anadromous Bony, Cartilaginous; Lampreys"
Shortwing Snowfly,Allocapnia vivipara,Stoneflies
Shortwing Willowfly,Taeniopteryx metequi,Stoneflies
Shovel-Nosed Salamander,Desmognathus marmoratus,Amphibians
Showy Small Minnow Mayfly,Baetis intercalaris,Mayflies
Shrew Supercoil,Paravitrea blarina,Terrestrial Snails
Sickle Darter,Percina williamsi,"Fishes - Freshwater and Anadromous Bony, Cartilaginous; Lampreys"
Sickly Microcaddisfly,Orthotrichia aegerfasciella,Caddisflies
Sideways Humpless Caddisfly,Brachycentrus lateralis,Caddisflies
Sigmoid Dart Moth,Eueretagrotis sigmoides,Other Moths
Signate Melanolophimoth,Melanolophia signataria,Other Moths
Sika,Cervus nippon,Mammals
Silk Hive,Euconulus trochulus,Terrestrial Snails
Silken Cave Beetle,Pseudanophthalmus sericus,Ground Beetles
Silly Microcaddisfly,Stactobiella delira,Caddisflies
Silty Hornsnail,Pleurocera canaliculata,Freshwater Snails
Silver Fork Cane Moth,Argillophora furcilla,Other Moths
Silver Redhorse,Moxostoma anisurum,"Fishes - Freshwater and Anadromous Bony, Cartilaginous; Lampreys"
Silver Shiner,Notropis photogenis,"Fishes - Freshwater and Anadromous Bony, Cartilaginous; Lampreys"
Silver-Haired Bat,Lasionycteris noctivagans,Mammals
Silver-Spotted Ghost Moth,Sthenopis argenteomaculatus,Other Moths
Silver-Spotted Skipper,Epargyreus clarus,Butterflies and Skippers
Silverjaw Minnow,Ericymba buccata,"Fishes - Freshwater and Anadromous Bony, Cartilaginous; Lampreys"
Silvery Blue,Glaucopsyche lygdamus,Butterflies and Skippers
Silvery Checkerspot,Chlosyne nycteis,Butterflies and Skippers
Similar Carder Bee,Dianthidium simile,Other Bees
Similar Firefly,Photinus consimilis,Fireflies and Glow-worms
Similar Long-Horned Caddisfly,Oecetis persimilis,Caddisflies
Similar Mason Bee,Osmia simillima,Mason Bees
Similar Microcaddisfly,Hydroptila consimilis,Caddisflies
Similar Underwing,Catocala similis,Underwing Moths
Simple Spiny Crawler Mayfly,Dannella simplex,Mayflies
Singleton Cave Isopod,Lirceus holsingeri,Isopods
Six-Banded Longhorn Beetle,Dryobius sexnotatus,Other Beetles
Six-Lined Racerunner,Aspidoscelis sexlineatus,Reptiles
Six-Spotted Tiger Beetle,Cicindela sexguttata,Tiger Beetles
Skiff Moth,Prolimacodes badia,Other Moths
Slabside Pearlymussel,Pleuronaia dolabelloides,Freshwater Mussels
Sleepy Duskywing,Erynnis brizo,Butterflies and Skippers
Sleepy Orange,Abaeis nicippe,Butterflies and Skippers
Sleepy Underwing Moth,Catocala concumbens,Underwing Moths
Slender Chub,Erimystax cahni,"Fishes - Freshwater and Anadromous Bony, Cartilaginous; Lampreys"
Slender Clearwing,Hemaris gracilis,Sphinx Moths
Slender Glass Lizard,Ophisaurus attenuatus,Reptiles
Slender Net-Spinning Caddisfly,Cheumatopsyche gracilis,Caddisflies
Slender Redhorse,Moxostoma pappillosum,"Fishes - Freshwater and Anadromous Bony, Cartilaginous; Lampreys"
Slender Stygobromid,Stygobromus tenuis,Amphipods
Slender Supercoil,Paravitrea subtilis,Terrestrial Snails
Slender Walker,Pomatiopsis lapidaria,Freshwater Snails
Slim Snaggletooth Snail,Gastrocopta pellucida,Terrestrial Snails
Slimy Sculpin,Cottus cognatus,"Fishes - Freshwater and Anadromous Bony, Cartilaginous; Lampreys"
Slippershell Mussel,Alasmidonta viridis,Freshwater Mussels
Slippery Stone,Neoperla catharae,Stoneflies
Slosson'S Long-Horned Caddisfly,Ceraclea slossonae,Caddisflies
Slosson'S Net-Spinning Caddisfly,Hydropsyche slossonae,Caddisflies
Small Minnow Mayfly,Baetisca berneri,Mayflies
Small Spot Snail,Punctum minutissimum,Terrestrial Snails
Small Willowfly,Taeniopteryx lita,Stoneflies
Small-Eyed Sphinx Moth,Paonias myops,Sphinx Moths
Small-Handed Leafcutter Bee,Megachile gemula,Leafcutter Bees
Small-Horned Spiny Crawler Mayfly,Drunella cornutella,Mayflies
Smaller Free-Living Caddisfly,Rhyacophila minora,Caddisflies
Smaller Parasmoth,Parasa chloris,Other Moths
Smallmouth Bass,Micropterus dolomieu,"Fishes - Freshwater and Anadromous Bony, Cartilaginous; Lampreys"
Smallmouth Redhorse,Moxostoma breviceps,"Fishes - Freshwater and Anadromous Bony, Cartilaginous; Lampreys"
Smallmouth Vertigo,Vertigo parvula,Terrestrial Snails
Smith'S Flat-Headed Mayfly,Maccaffertium smithae,Mayflies
Smokies Needlefly,Megaleuctra williamsae,Stoneflies
Smokies Snowfly,Allocapnia fumosa,Stoneflies
Smoky Shrew,Sorex fumeus,Mammals
Smoky Stone,Paragnetina fumosa,Stoneflies
Smoky Willowfly,Bolotoperla rossi,Stoneflies
Smooth Bladetooth,Patera laevior,Terrestrial Snails
Smooth Button,Mesomphix perlaevis,Terrestrial Snails
Smooth Coil,Lucilla singleyana,Terrestrial Snails
Smooth Earthsnake,Virginia valeriae,Reptiles
Smooth Elimia,Elimia simplex,Freshwater Snails
Smooth Greensnake,Opheodrys vernalis,Reptiles
Smooth Long-Horned Caddisfly,Ceraclea enodis,Caddisflies
Smyth'S Apamemoth,Apamea smythi,Other Moths
Snail Bullhead,Ameiurus brunneus,"Fishes - Freshwater and Anadromous Bony, Cartilaginous; Lampreys"
Snapping Turtle,Chelydra serpentina,Turtles
Snow Bunting,Plectrophenax nivalis,Birds
Snow Goose,Anser caerulescens,Birds
Snowberry Clearwing,Hemaris diffinis,Sphinx Moths
Snowhill Ambersnail,Mediappendix hubrichti,Terrestrial Snails
Snowshoe Hare,Lepus americanus,Mammals
Snowy Egret,Egretta thula,Birds
Snowy Owl,Bubo scandiacus,Birds
Snubnose Darter,Etheostoma simoterum,"Fishes - Freshwater and Anadromous Bony, Cartilaginous; Lampreys"
Snuffbox,Epioblasma triquetra,Freshwater Mussels
Soft Prong-Gilled Mayfly,Neoleptophlebia mollis,Mayflies
Soldier Beetle,Cantharis sheraldi,Other Beetles
Solitary Sandpiper,Tringa solitaria,Birds
Solomon'S Humpless Caddisfly,Brachycentrus solomoni,Caddisflies
Sommerman'S Bizarre Caddisfly,Lepidostoma sommermanae,Caddisflies
Song Sparrow,Melospiza melodia,Birds
Soothsayer Dart Moth,Graphiphora augur,Other Moths
Sooty Shearwater,Ardenna grisea,Birds
Sora,Porzana carolina,Birds
Sordid Bomolocha,Hypena sordidula,Other Moths
Sordid Underwing Moth,Catocala sordida,Underwing Moths
Sorghum Webworm,Nola cereella,Other Moths
South Branch Valley Cave Beetle,Pseudanophthalmus potomaca,Ground Beetles
Southeastern Blueberry Bee,Habropoda laboriosa,Digger Bees
Southeastern Crowned Snake,Tantilla coronata,Reptiles
Southeastern Five-Lined Skink,Plestiodon inexpectatus,Reptiles
Southeastern Gem Snail,Hawaiia alachuana,Terrestrial Snails
Southeastern Myotis,Myotis austroriparius,Mammals
Southeastern Prong-Gilled Mayfly,Neoleptophlebia assimilis,Mayflies
Southeastern Roachfly,Tallaperla cornelia,Stoneflies
Southeastern Shrew,Sorex longirostris,Mammals
Southeastern Tigersnail,Anguispira strongylodes,Terrestrial Snails
Southeastern Whitelip,Neohelix major,Terrestrial Snails
Southern Bog Lemming,Synaptomys cooperi,Mammals
Southern Broken-Dash,Polites otho,Butterflies and Skippers
Southern Carpenter Bee,Xylocopa micans,Carpenter Bees
Southern Chocolate Angle Moth,Macaria distribuaria,Other Moths
Southern Chorus Frog,Pseudacris nigrita,Amphibians
Southern Cloudywing,Thorybes bathyllus,Butterflies and Skippers
Southern Cricket Frog,Acris gryllus,Amphibians
Southern Flat-Headed Mayfly,Maccaffertium mexicanum,Mayflies
Southern Flying Squirrel,Glaucomys volans,Mammals
Southern Leopard Frog,Lithobates sphenocephalus,Amphibians
Southern Pearly-Eye,Lethe portlandia,Butterflies and Skippers
Southern Pine Looper Moth,Caripeta aretaria,Other Moths
Southern Pine Sphinx,Lapara coniferarum,Sphinx Moths
Southern Pinecone,Strobilops texasianus,Terrestrial Snails
Southern Pink-Striped Oakworm,Anisota pellucida,Giant Silkworm and Royal Moths
Southern Plains Bumble Bee,Bombus fraternus,Bumble Bees
Southern Ptichodis,Ptichodis bistrigata,Other Moths
Southern Ravine Salamander,Plethodon richmondi,Amphibians
Southern Red-Backed Vole,Clethrionomys gapperi,Mammals
Southern Short-Tailed Shrew,Blarina carolinensis,Mammals
Southern Snowfly,Nemocapnia carolina,Stoneflies
Southern Spragueimoth,Spragueia dama,Other Moths
Southern Stone,Agnetina annulipes,Stoneflies
Southern Toad,Anaxyrus terrestris,Amphibians
Southern Tolype Moth,Tolype minta,Other Moths
Southern Two-Lined Salamander,Eurycea cirrigera,Amphibians
Southern Variable Dart Moth,Xestia elimata,Other Moths
Southern White River Crawfish,Procambarus zonangulus,Crayfishes
Southern Zigzag Salamander,Plethodon ventralis,Amphibians
Southwestern Virginicave Amphipod,Stygobromus mackini,Amphipods
Southwestern Virginicave Isopod,Caecidotea recurvata,Isopods
Sparkling Jewelwing,Calopteryx dimidiata,Dragonflies and Damselflies
Spatulate Long-Horned Caddisfly,Ceraclea uvalo,Caddisflies
Spatulate Microcaddisfly,Hydroptila spatulata,Caddisflies
Spatulate Snowfly,Allocapnia simmonsi,Stoneflies
Spear-Marked Black Moth,Rheumaptera hastata,Other Moths
Speckled Killifish,Fundulus rathbuni,"Fishes - Freshwater and Anadromous Bony, Cartilaginous; Lampreys"
Speckled Snail-Case Caddisfly,Helicopsyche borealis,Caddisflies
Spectaclecase,Cumberlandia monodonta,Freshwater Mussels
Speith'S Great Speckled Olive Mayfly,Siphloplecton costalense,Mayflies
Spicebush Swallowtail,Pterourus troilus,Butterflies and Skippers
Spiculose Serratellan Mayfly,Serratella serrata,Mayflies
Spider Elimia,Elimia arachnoidea,Freshwater Snails
Spike,Eurynia dilatata,Freshwater Mussels
Spike-Lip Crater Snail,Appalachina sayana,Terrestrial Snails
Spiked Forestfly,Amphinemura wui,Stoneflies
Spiked Trumpet-Net Caddisfly,Cernotina spicata,Caddisflies
Spiny Crawler Mayfly,Drunella allegheniensis,Mayflies
Spiny Microcaddisfly,Hydroptila spinata,Caddisflies
Spiny Riversnail,Io fluvialis,Freshwater Snails
Spiny Salmonfly,Pteronarcys comstocki,Stoneflies
Spiny Scale Crayfish,Cambarus jezerinaci,Crayfishes
Spiny Softshell Turtle,Apalone spinifera,Turtles
Spiny Springfly,Cultus verticalis,Stoneflies
Spiny Stone,Neoperla carlsoni,Stoneflies
Spiny Stream Crayfish,Faxonius cristavarius,Crayfishes
Spinycheek Crayfish,Faxonius limosus,Crayfishes
Spinyleg Willowfly,Taeniopteryx maura,Stoneflies
Spinytail Fairy Shrimp,Streptocephalus sealii,"Fairy, Clam, and Tadpole Shrimps"
Spiral Mountain Glyph,Glyphyalinia carolinensis,Terrestrial Snails
Spirit Supercoil,Paravitrea hera,Terrestrial Snails
Splendid Dagger Moth,Acronicta superans,Other Moths
Splendid Northern Caddisfly,Pycnopsyche luculenta,Caddisflies
Splendid Sweat Bee,Agapostemon splendens,Striped Sweat Bees
Splendid Tiger Beetle,Cicindela splendida,Tiger Beetles
Split-Tooth Dome,Ventridens virginicus,Terrestrial Snails
Spongy Moth,Lymantria dispar,Other Moths
Spot-Bellied Spiny Crawler Mayfly,Serratella serratoides,Mayflies
Spotfin Chub,Erimonax monachus,"Fishes - Freshwater and Anadromous Bony, Cartilaginous; Lampreys"
Spotfin Shiner,Cyprinella spiloptera,"Fishes - Freshwater and Anadromous Bony, Cartilaginous; Lampreys"
Spottail Shiner,Hudsonius hudsonius,"Fishes - Freshwater and Anadromous Bony, Cartilaginous; Lampreys"
Spotted Apatelodes Moth,Apatelodes torrefacta,Other Moths
Spotted Bass,Micropterus punctulatus,"Fishes - Freshwater and Anadromous Bony, Cartilaginous; Lampreys"
Spotted Cave Beetle,Pseudanophthalmus punctatus,Ground Beetles
Spotted Datana,Datana perspicua,Notodontid Moths
Spotted Dusky Salamander,Desmognathus conanti,Amphibians
Spotted Firefly,Lucidota punctata,Fireflies and Glow-worms
Spotted Flat-Headed Mayfly,Maccaffertium mediopunctatum,Mayflies
Spotted Forestfly,Paranemoura perfecta,Stoneflies
Spotted Long-Horned Caddisfly,Ceraclea maculata,Caddisflies
Spotted Microcaddisfly,Hydroptila maculata,Caddisflies
Spotted Saddle-Case Caddisfly,Protoptila maculata,Caddisflies
Spotted Salamander,Ambystoma maculatum,Amphibians
Spotted Sandpiper,Actitis macularius,Birds
Spotted Small Minnow Mayfly,Plauditus punctiventris,Mayflies
Spotted Trumpet-Net Caddisfly,Polycentropus maculatus,Caddisflies
Spotted Turtle,Clemmys guttata,Turtles
Spotted Tussock Moth,Lophocampa maculata,Tiger Moths
Spring 4-Flasher,Photuris quadrifulgens,Fireflies and Glow-worms
Spring Azure,Celastrina ladon,Butterflies and Skippers
Spring Bizarre Caddisfly,Lepidostoma vernale,Caddisflies
Spring Peeper,Pseudacris crucifer,Amphibians
Spring Salamander,Gyrinophilus porphyriticus,Amphibians
Spring Treetop Flasher,Pyractomena borealis,Fireflies and Glow-worms
Spring-Loving Psiloneuran Caddisfly,Agarodes libalis,Caddisflies
Springtime Darner,Basiaeschna janata,Dragonflies and Damselflies
Springtime Fairy Shrimp,Eubranchipus vernalis,"Fairy, Clam, and Tadpole Shrimps"
Sprite Elimia,Elimia proxima,Freshwater Snails
Spruce Knob Threetooth,Triodopsis picea,Terrestrial Snails
Sprules'S Humpless Caddisfly,Micrasema sprulesi,Caddisflies
Sprules'S Trumpet-Net Caddisfly,Polycentropus elarus,Caddisflies
Spurred Weighted-Case Caddisfly,Goera calcarata,Caddisflies
Squash Bee,Peponapis pruinosa,Squash Bees
Squat Duskysnail,Lyogyrus granum,Freshwater Snails
Squirrel Treefrog,Dryophytes squirellus,Amphibians
Stained Lophosis Moth,Lophosis labeculata,Other Moths
Stalk Borer Moth,Papaipema nebris,Papaipema Moths
Stalked Weighted-Case Caddisfly,Goera stylata,Caddisflies
Star-Nosed Mole,Condylura cristata,Mammals
Stargazing Minnow,Phenacobius uranops,"Fishes - Freshwater and Anadromous Bony, Cartilaginous; Lampreys"
Steelcolor Shiner,Cyprinella whipplei,"Fishes - Freshwater and Anadromous Bony, Cartilaginous; Lampreys"
Stilt Sandpiper,Calidris himantopus,Birds
Stilt-Legged Spiny Crawler Mayfly,Penelomax septentrionalis,Mayflies
Stonecat,Noturus flavus,"Fishes - Freshwater and Anadromous Bony, Cartilaginous; Lampreys"
Stonyfork Snowfly,Allocapnia harperi,Stoneflies
Straight Hex Burrowing Mayfly,Hexagenia rigida,Mayflies
Straight Lined Mallow Moth,Bagisara rectifascia,Other Moths
Straight-Lined Pero Moth,Pero zalissaria,Other Moths
Straley'S Cave Beetle,Pseudanophthalmus quadratus,Ground Beetles
Streaked Tussock Moth,Dasychira obliquata,Other Moths
Stream Cruiser,Didymops transversa,Dragonflies and Damselflies
Stream Small Minnow Mayfly,Procloeon rivulare,Mayflies
Stream-Dwelling Microcaddisfly,Oxyethira rivicola,Caddisflies
Streamline Chub,Erimystax dissimilis,"Fishes - Freshwater and Anadromous Bony, Cartilaginous; Lampreys"
Striate Peaclam,Pisidium punctiferum,Other Molluscs
Striated Fingernailclam,Sphaerium striatinum,Other Molluscs
Stripe-Necked Musk Turtle,Sternotherus peltifer,Turtles
Stripeback Darter,Percina notogramma,"Fishes - Freshwater and Anadromous Bony, Cartilaginous; Lampreys"
Striped Bass,Morone saxatilis,"Fishes - Freshwater and Anadromous Bony, Cartilaginous; Lampreys"
Striped Comb Minnow Mayfly,Ameletus lineatus,Mayflies
Striped Hairstreak,Satyrium liparops,Butterflies and Skippers
Striped Microcaddisfly,Hydroptila virgata,Caddisflies
Striped Mud Turtle,Kinosternon baurii,Turtles
Striped Shiner,Luxilus chrysocephalus,"Fishes - Freshwater and Anadromous Bony, Cartilaginous; Lampreys"
Striped Skunk,Mephitis mephitis,Mammals
Striped Stone,Perlinella drymo,Stoneflies
Stripetail,Isoperla powhatan,Stoneflies
Styx Stout Crawler Mayfly,Tricorythodes stygiatus,Mayflies
Subdued Quaker Moth,Orthosia revicta,Other Moths
Subgothic Dart Moth,Feltia subgothica,Other Moths
Suborb Glyph,Glyphyalinia sculptilis,Terrestrial Snails
Suboval Ambersnail,Mediappendix vermeta,Terrestrial Snails
Subterranean Cut-Worm Moth,Feltia subterranea,Other Moths
Suckermouth Minnow,Phenacobius mirabilis,"Fishes - Freshwater and Anadromous Bony, Cartilaginous; Lampreys"
Sugarspoon,Epioblasma arcaeformis,Freshwater Mussels
Sulphur Moth,Hesperumia sulphuraria,Other Moths
Sulphur Spiny Crawler Mayfly,Ephemerella invaria,Mayflies
Summer Azure,Celastrina neglecta,Butterflies and Skippers
Summer Hyppmoth,Hyppa contrasta,Other Moths
Summer Spiny Crawler Mayfly,Eurylophella aestiva,Mayflies
Summer Tanager,Piranga rubra,Birds
Sunflower Borer Moth,Papaipema necopina,Papaipema Moths
Sunflower Sweat Bee,Dieunomia heteropoda,Sweat Bees (in part)
Superb Jewelwing,Calopteryx amata,Dragonflies and Damselflies
Surf Scoter,Melanitta perspicillata,Birds
Surgeon Crayfish,Faxonius forceps,Crayfishes
Swainson'S Thrush,Catharus ustulatus,Birds
Swainson'S Warbler,Limnothlypis swainsonii,Birds
Swallowtail Shiner,Miniellus procne,"Fishes - Freshwater and Anadromous Bony, Cartilaginous; Lampreys"
Swamp Darter,Etheostoma fusiforme,"Fishes - Freshwater and Anadromous Bony, Cartilaginous; Lampreys"
Swamp Fingernailclam,Musculium partumeium,Other Molluscs
Swamp Forestfly,Prostoia hallasi,Stoneflies
Swamp Sparrow,Melospiza georgiana,Birds
Swamp Stone,Perlesta durfeei,Stoneflies
Swamp Vertigo,Vertigo teskeyae,Terrestrial Snails
Swampfish,Chologaster cornuta,"Fishes - Freshwater and Anadromous Bony, Cartilaginous; Lampreys"
Swannanodarter,Etheostoma swannanoa,"Fishes - Freshwater and Anadromous Bony, Cartilaginous; Lampreys"
Swannanosallfly,Alloperla nanina,Stoneflies
Swarthy Skipper,Nastra lherminier,Butterflies and Skippers
Sweat Bee,Lasioglossum raleighense,Other Bees
Sweetbay Silkmoth,Callosamia securifera,Giant Silkworm and Royal Moths
Sweetfern Underwing,Catocala antinympha,Underwing Moths
Sycamore Tussock Moth,Halysidota harrisii,Tiger Moths
Symmetrical Elimia,Elimia symmetrica,Freshwater Snails
Synchronous Firefly,Photinus carolinus,Fireflies and Glow-worms
Tadpole Madtom,Noturus gyrinus,"Fishes - Freshwater and Anadromous Bony, Cartilaginous; Lampreys"
Tadpole Physa,Physella gyrina,Freshwater Snails
Talus Coil,Helicodiscus triodus,Terrestrial Snails
Tangerine Darter,Percina aurantiaca,"Fishes - Freshwater and Anadromous Bony, Cartilaginous; Lampreys"
Tapered Spiny Crawler Mayfly,Attenella attenuata,Mayflies
Tardy Small Square-Gilled Mayfly,Caenis tardata,Mayflies
Tarter'S Comb Minnow Mayfly,Ameletus tarteri,Mayflies
Tawny Crescent,Phyciodes batesii,Butterflies and Skippers
Tawny Emperor,Asterocampa clyton,Butterflies and Skippers
Tawny-Edged Skipper,Polites themistocles,Butterflies and Skippers
Tearful Underwing,Catocala lacrymosa,Underwing Moths
Teays River Crayfish,Cambarus sciotensis,Crayfishes
Teays Stone,Perlesta teaysia,Stoneflies
Telescope Shiner,Notropis telescopus,"Fishes - Freshwater and Anadromous Bony, Cartilaginous; Lampreys"
Telmdarkwing Moth,Gondysia telma,Other Moths
Temperate Coil Snail,Helicodiscus shimeki,Terrestrial Snails
Temporal Spiny Crawler Mayfly,Eurylophella temporalis,Mayflies
Tench,Tinca tinca,"Fishes - Freshwater and Anadromous Bony, Cartilaginous; Lampreys"
Tennessee Bean,Venustaconcha trabalis,Freshwater Mussels
Tennessee Clubshell,Pleurobema oviforme,Freshwater Mussels
Tennessee Dace,Chrosomus tennesseensis,"Fishes - Freshwater and Anadromous Bony, Cartilaginous; Lampreys"
Tennessee Heelsplitter,Lasmigona holstonia,Freshwater Mussels
Tennessee Pigtoe,Pleuronaia barnesiana,Freshwater Mussels
Tennessee Sallfly,Alloperla neglecta,Stoneflies
Tennessee Shiner,Paranotropis leuciodus,"Fishes - Freshwater and Anadromous Bony, Cartilaginous; Lampreys"
Tennessee Valley Cave Isopod,Caecidotea richardsonae,Isopods
Tennessee Warbler,Leiothlypis peregrina,Birds
Terminal Flat-Headed Mayfly,Maccaffertium terminatum,Mayflies
Terrestrial Snail,Stenotrema burringtoni,Terrestrial Snails
Terssphinx,Xylophanes tersa,Sphinx Moths
Tessellated Darter,Etheostoma olmstedi,"Fishes - Freshwater and Anadromous Bony, Cartilaginous; Lampreys"
Texas Leafcutter Bee,Megachile texana,Leafcutter Bees
Texas Mason Bee,Osmia texana,Mason Bees
Thankless Ghostsnail,Holsingeria unthanksensis,Freshwater Snails
Thaxter'S Sallow,Psaphida thaxterianus,Other Moths
The Betrothed Underwing,Catocala innubens,Underwing Moths
The Bride Underwing,Catocala neogama,Underwing Moths
The Consort Underwing,Catocala consors,Underwing Moths
The Little Wife Underwing,Catocala muliercula,Underwing Moths
The Penitent Underwing,Catocala piatrix,Underwing Moths
The Pink Streak,Dargida rubripennis,Other Moths
The Record Keeper Moth,Feltia manifesta,Other Moths
The Starry Campion Moth,Hadena ectypa,Other Moths
The Sweetheart Underwing,Catocala amatrix,Underwing Moths
The Unexpected Milkweed Moth,Cycnia collaris,Tiger Moths
Thicklip Chub,Cyprinella labrosa,"Fishes - Freshwater and Anadromous Bony, Cartilaginous; Lampreys"
Thicklip Ramshorn,Planorbula armigera,Freshwater Snails
Thin Glyph,Glyphyalinia cryptomphala,Terrestrial Snails
Thin Pillar Snail,Cochlicopa lubricella,Terrestrial Snails
Thin-Lined Erastrimoth,Erastria cruentaria,Other Moths
Thin-Lip Vallonisnail,Vallonia perspectiva,Terrestrial Snails
Thirsty Long-Horned Caddisfly,Triaenodes dipsius,Caddisflies
Thomas' Cave Beetle,Pseudanophthalmus thomasi,Ground Beetles
Threadfin Shad,Dorosoma petenense,"Fishes - Freshwater and Anadromous Bony, Cartilaginous; Lampreys"
Three-Knobbed Snowfly,Allocapnia forbesi,Stoneflies
Three-Lined Balsmoth,Balsa tristrigella,Other Moths
Three-Lined Salamander,Eurycea guttolineata,Amphibians
Three-Lobed Needlefly,Leuctra triloba,Stoneflies
Three-Spotted Fillip Moth,Heterophleps triguttaria,Other Moths
Threeridge,Amblema plicata,Freshwater Mussels
Threeridge Valvata,Valvata tricarinata,Freshwater Snails
Threespine Stickleback,Gasterosteus aculeatus,"Fishes - Freshwater and Anadromous Bony, Cartilaginous; Lampreys"
Throaty Dome,Ventridens gularis,Terrestrial Snails
Thundering Net-Spinning Caddisfly,Hydropsyche bronta,Caddisflies
Tidewater Amphipod,Stygobromus indentatus,Amphipods
Tidewater Interstitial Amphipod,Stygobromus araeus,Amphipods
Tidewater Mucket,Atlanticoncha ochracea,Freshwater Mussels
Tight Coil,Helicodiscus notius,Terrestrial Snails
Timber Rattlesnake,Crotalus horridus,Reptiles
Tiny Liptooth,Lobosculum pustuloides,Terrestrial Snails
Tiny Net-Spinning Caddisfly,Cheumatopsyche minuscula,Caddisflies
Tiny Saddlecase Caddisfly,Agapetus minutus,Caddisflies
Tonguetied Minnow,Exoglossum laurae,"Fishes - Freshwater and Anadromous Bony, Cartilaginous; Lampreys"
Toothed Globe,Mesodon zaletus,Terrestrial Snails
Toothed Hive,Euconulus dentatus,Terrestrial Snails
Toothed Stone,Perlesta browni,Stoneflies
Top Net-Spinning Caddisfly,Parapsyche apicalis,Caddisflies
Torrent Sucker,Thoburnia rhothoeca,"Fishes - Freshwater and Anadromous Bony, Cartilaginous; Lampreys"
Townsend'S Big-Eared Bat,Corynorhinus townsendii,Mammals
Tracheated White Burrowing Mayfly,Ephoron leukon,Mayflies
Transverse Stripetail,Isoperla signata,Stoneflies
Traver'S Small Square-Gilled Mayfly,Caenis anceps,Mayflies
Tree Swallow,Tachycineta bicolor,Birds
Tri-Colored Bumble Bee,Bombus ternarius,Bumble Bees
Triangle Floater,Alasmidonta undulata,Freshwater Mussels
Triangle-Barred Woodgrain Moth,Morrisonia triangula,Other Moths
Triangular Peaclam,Pisidium variabile,Other Molluscs
Triangular Sallfly,Alloperla chloris,Stoneflies
Tricolored Bat,Perimyotis subflavus,Mammals
Tricolored Heron,Egretta tricolor,Birds
Trinity Comb Minnow Mayfly,Ameletus tertius,Mayflies
Trout-Perch,Percopsis omiscomaycus,"Fishes - Freshwater and Anadromous Bony, Cartilaginous; Lampreys"
Trumpet Vallonisnail,Vallonia parvula,Terrestrial Snails
Trumpet Vine Sphinx,Paratrea plebeja,Sphinx Moths
Trumpeter Swan,Cygnus buccinator,Birds
Truncate Forestfly,Ostrocerca truncata,Stoneflies
Truncate Needlefly,Leuctra truncata,Stoneflies
Tuberculated Spiny Crawler Mayfly,Drunella tuberculata,Mayflies
Tufted Sallfly,Alloperla banksi,Stoneflies
Tufted Titmouse,Baeolophus bicolor,Birds
Tug Valley Crayfish,Cambarus hatfieldi,Crayfishes
Tulip Tree Silkmoth,Callosamia angulifera,Giant Silkworm and Royal Moths
Tulip-Tree Beauty,Epimecis hortaria,Other Moths
Tundrswan,Cygnus columbianus,Birds
Turkey Vulture,Cathartes aura,Birds
Turtle Head Borer Moth,Papaipema nepheleptena,Papaipema Moths
Tuscaroremerald,Nemoria tuscarora,Other Moths
Twelve-Spotted Tiger Beetle,Cicindela duodecimguttata,Tiger Beetles
Twig Mason Bee,Osmia virga,Mason Bees
Twilight Coil,Helicodiscus multidens,Terrestrial Snails
Twilight Trumpet-Net Caddisfly,Neureclipsis crepuscularis,Caddisflies
Twin-Dotted Macrochilo Moth,Macrochilo hypocritalis,Other Moths
Twin-Spotted Sphinx Moth,Smerinthus jamaicensis,Sphinx Moths
Two-Edged Net-Spinning Caddisfly,Hydropsyche dicantha,Caddisflies
Two-Knobbed Snowfly,Allocapnia maria,Stoneflies
Two-Lined Stripetail,Isoperla bilineata,Stoneflies
Two-Lined Wainscot Moth,Leucania commoides,Other Moths
Two-Lobed Needlefly,Leuctra biloba,Stoneflies
Two-Lobed Springfly,Diploperla duplicata,Stoneflies
Two-Ridge Valvata,Valvata bicarinata,Freshwater Snails
Two-Ridged Ramshorn,Helisoma anceps,Freshwater Snails
Two-Spine Stripetail,Isoperla kirchneri,Stoneflies
Two-Spot Dart Moth,Eueretagrotis perattentus,Other Moths
Two-Spotted Bumble Bee,Bombus bimaculatus,Bumble Bees
Two-Spotted Skipper,Euphyes bimacula,Butterflies and Skippers
Two-Striped Forceptail,Aphylla williamsoni,Dragonflies and Damselflies
Two-Toed Amphiuma,Amphiuma means,Amphibians
Ubiquitous Peaclam,Pisidium casertanum,Other Molluscs
Uenoid Caddisfly,Neophylax acutus,Caddisflies
Ulalume Underwing Moth,Catocala ulalume,Underwing Moths
Ulmer'S Hood Caddisfly,Molanna ulmerina,Caddisflies
Ultroniunderwing Moth,Catocala ultronia,Underwing Moths
Umbellifer Borer Moth,Papaipema insulidens,Papaipema Moths
Umber Underwing Moth,Catocala umbrosa,Underwing Moths
Unarmed Leafcutter Bee,Megachile inermis,Leafcutter Bees
Undivided Northern Caddisfly,Limnephilus indivisus,Caddisflies
Unicorn Clubtail,Arigomphus villosipes,Dragonflies and Damselflies
Upcoming Net-Spinning Caddisfly,Hydropsyche ventura,Caddisflies
Upland Burrowing Crayfish,Cambarus dubius,Crayfishes
Upland Chorus Frog,Pseudacris feriarum,Amphibians
Upland Pillsnail,Euchemotrema fraternum,Terrestrial Snails
Upland Sandpiper,Bartramia longicauda,Birds
Valanced Microcaddisfly,Hydroptila vala,Caddisflies
Valley And Ridge Salamander,Plethodon hoffmani,Amphibians
Valley Forestfly,Soyedina vallicularia,Stoneflies
Vandel'S Cave Isopod,Pseudobaicalasellus vandeli,Isopods
Vanishing Stripetail,Isoperla evanescens,Stoneflies
Variable Antipione,Antepione thisoaria,Other Moths
Variable Carpet Moth,Anticlea vasiliata,Other Moths
Variable Cuckoo Bumble Bee,Bombus variabilis,Bumble Bees
Variable Dancer,Argia fumipennis,Dragonflies and Damselflies
Variable Mantleslug,Pallifera varia,Terrestrial Snails
Variable Needlefly,Leuctra variabilis,Stoneflies
Variable Oakleaf Caterpillar Moth,Lochmaeus manteo,Notodontid Moths
Variable Triple Flash,Photuris versicolor,Fireflies and Glow-worms
Variable Vertigo Snail,Vertigo gouldii,Terrestrial Snails
Varied Burrowing Mayfly,Ephemera varia,Mayflies
Variegate Darter,Etheostoma variatum,"Fishes - Freshwater and Anadromous Bony, Cartilaginous; Lampreys"
Variegated Fritillary,Euptoieta claudia,Butterflies and Skippers
Veery,Catharus fuscescens,Birds
Velvet Wedge Snail,Xolotrema denotatum,Terrestrial Snails
Vermont Sallfly,Rasvena terna,Stoneflies
Vernal Sallfly,Alloperla idei,Stoneflies
Vernal Springfly,Helopicus subvarians,Stoneflies
Vernal Stone,Perlinella ephyre,Stoneflies
Vesper Sparrow,Pooecetes gramineus,Birds
Vibrant Prong-Gilled Mayfly,Habrophlebia vibrans,Mayflies
Vicariant Cave Beetle,Pseudanophthalmus vicarius,Ground Beetles
Viceroy,Limenitis archippus,Butterflies and Skippers
Violet Dart,Euxoa violaris,Other Moths
Virgin Tiger Moth,Apantesis virgo,Tiger Moths
Virginiansnowfly,Allocapnia virginiana,Stoneflies
Virginibig-Headed Tiger Beetle,Tetracha virginica,Tiger Beetles
Virginibladetooth,Patera panselenus,Terrestrial Snails
Virginicoil,Polygyriscus virginianus,Terrestrial Snails
Virginicomb Minnow Mayfly,Ameletus cryptostimulus,Mayflies
Virginicreeper Sphinx,Darapsa myron,Sphinx Moths
Virginictenucha Moth,Ctenucha virginica,Tiger Moths
Virginimantleslug,Philomycus virginicus,Terrestrial Snails
Virginiopossum,Didelphis virginiana,Mammals
Virginirail,Rallus limicola,Birds
Virginiroachfly,Peltoperla tarteri,Stoneflies
Virginisallfly,Sweltsa voshelli,Stoneflies
Virginispringfly,Diploperla morgani,Stoneflies
Virginispringsnail,Fontigens morrisoni,Freshwater Snails
Virginistone,Acroneuria kosztarabi,Stoneflies
Virile Crayfish,Faxonius virilis,Crayfishes
Walker Peaclam,Pisidium walkeri,Other Molluscs
Walker'S Net-Spinning Caddisfly,Hydropsyche walkeri,Caddisflies
Walker'S Saddlecase Caddisfly,Agapetus walkeri,Caddisflies
Walker'S Spiny Crawler Mayfly,Drunella walkeri,Mayflies
Walker'S Tusked Sprawler,Anthopotamus verticis,Mayflies
Walleye,Sander vitreus,"Fishes - Freshwater and Anadromous Bony, Cartilaginous; Lampreys"
Walnut Caterpillar Moth,Datana integerrima,Notodontid Moths
Walnut Sphinx Moth,Amorpha juglandis,Sphinx Moths
Walsh'S Hackle-Gilled Burrowing Mayfly,Anthopotamus myops,Mayflies
Wandering Net-Tube Caddisfly,Psychomyia nomada,Caddisflies
Wanton Pinion Moth,Lithophane petulca,Other Moths
Wapiti,Cervus canadensis,Mammals
Ward Cove Isopod,Caecidotea fisherorum,Isopods
Warmouth,Lepomis gulosus,"Fishes - Freshwater and Anadromous Bony, Cartilaginous; Lampreys"
Warpaint Shiner,Coccotis coccogenis,"Fishes - Freshwater and Anadromous Bony, Cartilaginous; Lampreys"
Warsaw Grouper,Hyporthodus nigritus,Fishes - Marine Bony and Cartilaginous; Hagfishes
Wataughumpless Caddisfly,Micrasema wataga,Caddisflies
Wataugspringfly,Yugus kondratieffi,Stoneflies
Water Scavenger Beetle,Hydrobiomorpha casta,Other Beetles
Watercress Snail,Fontigens nickliniana,Freshwater Snails
Waterlily Owlet Moth,Homophoberia cristata,Other Moths
Waubes' Microcaddisfly,Hydroptila waubesiana,Caddisflies
Waved Sphinx Moth,Ceratomia undulosa,Sphinx Moths
Wavy Small Minnow Mayfly,Callibaetis fluctuans,Mayflies
Wavy-Lined Heterocampmoth,Cecrita biundata,Notodontid Moths
Wavy-Rayed Lampmussel,Lampsilis fasciola,Freshwater Mussels
Wax Dome,Ventridens cerinoideus,Terrestrial Snails
Waxmyrtle Wave Moth,Cyclophora myrtaria,Other Moths
Wehrle'S Salamander,Plethodon wehrlei,Amphibians
Weller'S Salamander,Plethodon welleri,Amphibians
Welsh Wave Moth,Venusia cambrica,Other Moths
West Virginiburrowing Mayfly,Ephemera blanda,Mayflies
West Virginiwhite,Pieris virginiensis,Butterflies and Skippers
Western Blacknose Dace,Rhinichthys obtusus,"Fishes - Freshwater and Anadromous Bony, Cartilaginous; Lampreys"
Western Sand Darter,Ammocrypta clara,"Fishes - Freshwater and Anadromous Bony, Cartilaginous; Lampreys"
Western Sandpiper,Calidris mauri,Birds
Wetland Borer Moth,Bellura brehmei,Other Moths
Whimbrel,Numenius phaeopus,Birds
White Bass,Morone chrysops,"Fishes - Freshwater and Anadromous Bony, Cartilaginous; Lampreys"
White Catfish,Ameiurus catus,"Fishes - Freshwater and Anadromous Bony, Cartilaginous; Lampreys"
White Checkered-Skipper,Burnsius albezens,Butterflies and Skippers
White Crappie,Pomoxis annularis,"Fishes - Freshwater and Anadromous Bony, Cartilaginous; Lampreys"
White Edge Moth,Oruza albocostaliata,Other Moths
White Eulithis Moth,Eulithis explanata,Other Moths
White Furculmoth,Furcula borealis,Notodontid Moths
White Ibis,Eudocimus albus,Birds
White Perch,Morone americana,"Fishes - Freshwater and Anadromous Bony, Cartilaginous; Lampreys"
White River Crawfish,Procambarus acutus,Crayfishes
White Sand-River Mayfly,Pseudiron centralis,Mayflies
White Shiner,Luxilus albeolus,"Fishes - Freshwater and Anadromous Bony, Cartilaginous; Lampreys"
White Snaggletooth Snail,Gastrocopta tappaniana,Terrestrial Snails
White Sucker,Catostomus commersonii,"Fishes - Freshwater and Anadromous Bony, Cartilaginous; Lampreys"
White Underwing Moth,Catocala relicta,Underwing Moths
White-Bellied Mason Bee,Osmia albiventris,Mason Bees
White-Breasted Nuthatch,Sitta carolinensis,Birds
White-Crowned Sparrow,Zonotrichia leucophrys,Birds
White-Dotted Prominent Moth,Nadata gibbosa,Notodontid Moths
White-Eyed Vireo,Vireo griseus,Birds
White-Footed Deermouse,Peromyscus leucopus,Mammals
White-Fringed Emerald Moth,Nemoria mimosaria,Other Moths
White-Gloved Howdy Mayfly,Isonychia bicolor,Mayflies
White-Headed Prominent,Symmerista albifrons,Notodontid Moths
White-Lined Sphinx Moth,Hyles lineata,Sphinx Moths
White-Lip Dagger Snail,Pupoides nitidulus,Terrestrial Snails
White-Lip Gardensnail,Cepaea hortensis,Terrestrial Snails
White-Lip Globe Snail,Mesodon thyroidus,Terrestrial Snails
White-M Hairstreak,Parrhasius m-album,Butterflies and Skippers
White-Marked Tussock Moth,Orgyia leucostigma,Other Moths
White-Ribboned Carpet Moth,Mesoleuca ruficillata,Other Moths
White-Rumped Sandpiper,Calidris fuscicollis,Birds
White-Spotted Cankerworm Moth,Paleacrita merriccata,Other Moths
White-Spotted Slimy Salamander,Plethodon cylindraceus,Amphibians
White-Streaked Prominent,Ianassa lignicolor,Notodontid Moths
White-Tailed Deer,Odocoileus virginianus,Mammals
White-Throated Sparrow,Zonotrichia albicollis,Birds
White-Winged Scoter,Melanitta deglandi,Birds
Whitefoot Supercoil,Paravitrea tridens,Terrestrial Snails
Whitelip Snail,Neohelix albolabris,Terrestrial Snails
Whitemouth Shiner,Miniellus alborus,"Fishes - Freshwater and Anadromous Bony, Cartilaginous; Lampreys"
Whitetail Shiner,Cyprinella galactura,"Fishes - Freshwater and Anadromous Bony, Cartilaginous; Lampreys"
Whitetailed Forestfly,Ostrocerca albidipennis,Stoneflies
Whitish Sweat Bee,Agapostemon sericeus,Striped Sweat Bees
Whitish Tiger Beetle,Ellipsoptera gratiosa,Tiger Beetles
Widecollar Stone,Paragnetina ichusa,Stoneflies
Widespread Column Snail,Pupilla muscorum,Terrestrial Snails
Widespread Stone,Perlesta decipiens,Stoneflies
Widow Underwing,Catocala vidua,Underwing Moths
Wild Boar,Sus scrofa,Mammals
Wild Cherry Sphinx Moth,Sphinx drupiferarum,Sphinx Moths
Wild Indigo Borer Moth,Papaipema baptisiae,Papaipema Moths
Wild Indigo Duskywing,Erynnis baptisiae,Butterflies and Skippers
Wild Turkey,Meleagris gallopavo,Birds
Willet,Tringa semipalmata,Birds
Willow Flycatcher,Empidonax traillii,Birds
Wilson'S Phalarope,Phalaropus tricolor,Birds
Wilson'S Plover,Anarhynchus wilsonia,Birds
Wilson'S Snipe,Gallinago delicata,Birds
Wilson'S Storm-Petrel,Oceanites oceanicus,Birds
Wilson'S Warbler,Cardellina pusilla,Birds
Winding Mantleslug,Philomycus flexuolaris,Terrestrial Snails
Wing Snaggletooth Snail,Gastrocopta procera,Terrestrial Snails
Winter Firefly Beetle,Photinus corruscus,Fireflies and Glow-worms
Winter Wren,Troglodytes hiemalis,Birds
Witch Hazel Dagger Moth,Acronicta hamamelis,Other Moths
Wojcicki'S Microcaddisfly,Ochrotrichia wojcickyi,Caddisflies
Wonderful Primitive Minnow Mayfly,Siphlonurus mirus,Mayflies
Wonderful Underwing,Catocala mira,Underwing Moths
Wood Duck,Aix sponsa,Birds
Wood Frog,Lithobates sylvaticus,Amphibians
Wood Thrush,Hylocichla mustelina,Birds
Wood Turtle,Glyptemys insculpta,Turtles
Wood-Colored Quaker Moth,Apamea lignicolora,Other Moths
Woodchuck,Marmota monax,Mammals
Woodland Chocolate Moth,Argyrostrotis sylvarum,Other Moths
Woodland Vole,Microtus pinetorum,Mammals
Woodlands Sallfly,Alloperla petasata,Stoneflies
Woody Underwing Moth,Catocala grynea,Underwing Moths
Wool-Carder Bee,Anthidium maculifrons,Wool-carder Bees
Woolly Little Caddisfly,Neophylax nacatus,Caddisflies
Worm-Eating Warbler,Helmitheros vermivorum,Birds
Wounded Darter,Nothonotus vulneratus,"Fishes - Freshwater and Anadromous Bony, Cartilaginous; Lampreys"
Wright'S Net-Spinning Caddisfly,Cheumatopsyche wrighti,Caddisflies
Wrinkled Button,Mesomphix rugeli,Terrestrial Snails
Wrong Long-Horned Caddisfly,Triaenodes injustus,Caddisflies
Yehl Skipper,Poanes yehl,Butterflies and Skippers
Yellow Blossom,Epioblasma florentina,Freshwater Mussels
Yellow Bullhead,Ameiurus natalis,"Fishes - Freshwater and Anadromous Bony, Cartilaginous; Lampreys"
Yellow Bumble Bee,Bombus fervidus,Bumble Bees
Yellow Dome,Ventridens pilsbryi,Terrestrial Snails
Yellow Flat-Headed Mayfly,Heptagenia flavescens,Mayflies
Yellow Globelet Snail,Mesodon clausus,Terrestrial Snails
Yellow Lampmussel,Lampsilis cariosa,Freshwater Mussels
Yellow Lance,Elliptio lanceolata,Freshwater Mussels
Yellow Long-Horned Caddisfly,Ceraclea flava,Caddisflies
Yellow Net-Spinning Caddisfly,Potamyia flava,Caddisflies
Yellow Perch,Perca flavescens,"Fishes - Freshwater and Anadromous Bony, Cartilaginous; Lampreys"
Yellow Rail,Coturnicops noveboracensis,Birds
Yellow Sedge Borer Moth,Globia subflava,Other Moths
Yellow Slant-Line Moth,Tetracis crocallata,Other Moths
Yellow Stone,Eccoptura xanthenes,Stoneflies
Yellow Stoneroot Borer,Papaipema astuta,Papaipema Moths
Yellow Warbler,Setophaga petechia,Birds
Yellow-Banded Bumble Bee,Bombus terricola,Bumble Bees
Yellow-Banded Underwing Moth,Catocala cerogama,Underwing Moths
Yellow-Bellied Flycatcher,Empidonax flaviventris,Birds
Yellow-Bellied Sapsucker,Sphyrapicus varius,Birds
Yellow-Billed Cuckoo,Coccyzus americanus,Birds
Yellow-Breasted Chat,Icteria virens,Birds
Yellow-Collared Scape Moth,Cisseps fulvicollis,Tiger Moths
Yellow-Crowned Night Heron,Nyctanassa violacea,Birds
Yellow-Edged Pygarctimoth,Pygarctia abdominalis,Tiger Moths
Yellow-Gray Underwing Moth,Catocala retecta,Underwing Moths
Yellow-Headed Lichen Moth,Crambidia cephalica,Tiger Moths
Yellow-Lined Chocolate Moth,Argyrostrotis flavistriaria,Other Moths
Yellow-Necked Caterpillar Moth,Datana ministra,Notodontid Moths
Yellow-Rumped Warbler,Setophaga coronata,Birds
Yellow-Shouldered Slug Moth,Lithacodes fasciola,Other Moths
Yellow-Spotted Woodland Salamander,Plethodon pauleyi,Amphibians
Yellow-Streaked Small Minnow Mayfly,Baetis flavistriga,Mayflies
Yellow-Striped Armyworm Moth,Spodoptera ornithogalli,Other Moths
Yellow-Throated Vireo,Vireo flavifrons,Birds
Yellow-Throated Warbler,Setophaga dominica,Birds
Yellowfin Madtom,Noturus flavipinnis,"Fishes - Freshwater and Anadromous Bony, Cartilaginous; Lampreys"
Yonahlossee Salamander,Plethodon yonahlossee,Amphibians
York Sallfly,Suwallia marginata,Stoneflies
Young-Fugate Cave Isopod,Lirceus malabadi,Isopods
Youthful Underwing,Catocala subnata,Underwing Moths
Yuccgiant-Skipper,Megathymus yuccae,Butterflies and Skippers
Zabulon Skipper,Lon zabulon,Butterflies and Skippers
Zale Moth,Zale metata,Other Moths
Zebrcaddisfly,Macrostemum zebratum,Caddisflies
Zebrmussel,Dreissena polymorpha,Other Molluscs
Zebrswallowtail,Eurytides marcellus,Butterflies and Skippers